,userId
0,4c617aef-2e03-4f56-b863-89d4f44128ef
1,12fa8d91-53d2-4f6a-ae31-13af90d3d295
2,f226bfec-3da8-4fc0-813c-5563fcf17350
3,f0dd0ffb-a9f6-4296-8efb-931d0ffb85c5
4,7bb82da4-293a-4597-ba62-cc432b5898a5
5,99943a73-c10b-4464-8680-ce35ac5f1435
6,c2236c1b-6da9-4e1d-a69c-f0bd65048114
7,80cd2c1a-9e26-4c34-bced-09a328f9916f
8,ad7df7b9-8f10-4c8b-9b59-00e023b5d7a8
9,c8be5ee5-bc40-47fb-ab7d-d0446dab7215
10,961fd534-573e-4799-9e68-9b0d44b574b2
11,70eadeab-eba4-4dd2-afcf-51cbec8243a6
12,12cd92db-faa4-4a03-a90c-7f1a0d8e1fc9
13,7412a447-8177-48e9-82c5-cb31032f76a9
14,6689bf31-3b1e-4382-a9af-720d4d7ec905
15,a2664b9d-9718-40d0-8841-f53f753bb827
16,fb522a27-32cf-4043-906b-11a379c7ea05
17,cda93013-d5a3-4c42-8e03-cd4aac0a01b0
18,12535842-2455-4132-9f72-814648248e6d
19,bbbbbbbb-bbbb-bbbb-bbbb-bbbbbbbbbbbb
20,deb089c0-9be3-4b75-9b27-28963c77b10c
21,6e665720-b387-423f-8dab-1efade2f0c63
22,cb75f620-ddf0-4332-850c-80dccc0fb873
23,09eab0d8-d8a5-42ca-b10f-035e0c25f2b0
24,556c432b-3012-4011-bbfe-02d7c7dd8d19
25,a8ba2b83-c911-489c-98be-5fde646c46de
26,70b3e6ef-c90c-4c42-8e20-706d806ba7d3
27,8da6a840-6f6f-481d-be7d-9f5b22b28b11
28,3161ae02-6abd-4834-8208-686c4cd5363c
29,d41c8926-2f34-4585-b13d-72d38eeef33d
30,57fb89ca-9c8b-4dc3-86f0-38e8a8d058b3
31,068fd47d-d1b4-493c-b252-3dd37ba57aca
32,88b24543-b088-43e7-b3bd-a51cc07401a5
33,03a56b54-8c07-4e44-9afb-4929246217ac
34,c9faefc3-a12d-4c19-940b-dd5231472fa2
35,1f27519a-971f-4e39-bac7-9920bfc4b05b
36,03e29e72-3bdd-4bc0-9556-20353e531368
37,2363b64f-be07-4449-a287-c3657d6faf33
38,6264305f-a79d-406e-a158-df21eb2f3585
39,1096259e-ca5e-4033-864f-4208806b0ae0
40,888915c3-11c5-4ae4-8732-a7b6a5272c5e
41,65492b06-bb06-4c32-8c50-dda00072a4fd
42,a4d4b030-9117-4331-ba48-90dc05a7e65a
43,8623c816-90d9-4c32-9b18-6741f6ad85bd
44,1443ed90-0216-4672-9c45-acc7026e98c1
45,77862df6-9462-40b5-8e5b-d2b8ace6c0c3
46,c669813e-3a1c-4366-ac75-fabe1aba9be1
47,429799e4-733c-483e-ab06-4cb6207d9f09
48,fc91d1f4-2ca5-4c11-bea2-bb4d6bc4ac7d
49,2036f6f4-50a1-4f94-8d4e-bfca814bbda8
50,25aca539-06df-4342-baca-b858a0b6cdfa
51,ce3e19bd-09de-4496-b476-83cc1ddb5d0b
52,09cb140e-112c-4c93-b161-eba7e96b5bc1
53,cd54824a-483d-48ea-9924-d5e8f8db7496
54,7711c3dc-a2f0-44ad-995c-e6402a3fd86e
55,ae72a4cb-244e-475c-80ea-11a410266645
56,c745a950-2c2d-48ce-b748-5a560631cb41
57,bae267b7-1cde-4efb-b34a-8e435c6ec1a1
58,e7241f2a-26b3-47cb-bfa8-bbe08d07bfcb
59,8a5c3326-a9a5-40df-a6b7-6502de16fcec
60,253ae308-fdb9-4289-91b2-6d344cf1da17
61,560d4ac8-b02b-4ff8-9b0d-c7f8500946c0
62,610dcc16-c9c8-4aea-a8ba-b39eb7f5c04f
63,b44f1f3e-a118-40ae-aa82-f359570b38b7
64,30d15b5f-2cf6-46c9-b187-c16a62f4259f
65,f7c11ebe-d3f4-41a3-bc92-6a8486f9cf88
66,1b7b7aa7-205b-4955-85e0-6f28c63b7d83
67,7fd6c362-86fb-4363-ba5d-7428132bec66
68,c7c75bb6-1f65-4e04-8c92-8adc96e6d720
69,0b2745d1-a7ed-4fe2-92a4-41e93a17433f
70,d6826fd9-a6fc-4046-b974-68e50576183f
71,fa3e23a3-4aa9-4178-8062-a16996e7f299
72,58966ced-407a-44ae-a851-4d5f02a09221
73,603e9d2c-1d85-4173-86f1-354f41871da2
74,1837a18f-5ec2-4a80-a308-6b82acb96c13
75,aaaaaaaa-aaaa-aaaa-aaaa-aaaaaaaaaaaa
76,9880ce9d-c6fc-476e-98a9-a9e8c8f7fcdc
77,7cece567-45d0-42e7-9870-3f83fb7de271
78,5d24db82-67b6-4e75-88b1-92c45cce2705
79,91a839cb-24cc-4aef-9801-fb183343e07f
80,9d8f52b1-800f-4331-97c5-29e765c87178
81,4dbc2f43-421c-4e23-85d4-f17723ff8c66
82,09d1572a-7ed0-42ee-825e-598b6fb8ba4e
83,a1739f2e-a73b-4280-92ae-4b7b439ef988
84,a33f998e-04a1-4457-bf96-8ec80a6a33e9
85,3e63314c-ee95-4ae2-ae61-05e96679bf29
86,065df865-5405-4fe7-968e-5d49632ec588
87,82b5f5e7-3e37-45ba-a982-37b3ebacc8f9
88,7bcd1ac9-abdd-41ce-99d9-86e727dbd528
89,3df8e2a0-6f6d-4fd2-979b-c029c44d9cc1
90,ca3234e8-1abc-45ea-a38f-147394230881
91,1a56588f-0ebf-4241-94f1-6a33edaf0665
92,628c2d9e-5fea-424a-9e70-133d002a2ad5
93,f892da52-8b71-4c79-bea2-89d6a1951499
