,3421dfc4-8085-4af7-bf73-a46e655fc2ca,6627912f-da9b-4406-a119-7b92c53af450,cb03d106-69f5-4504-bd05-38c0fef5b63c,39b30a7e-ff49-427d-bdb6-f387e56ba5db,78e2585b-4ae2-4c55-a4a2-ed3707ed2fef,315e916f-fc68-4ab5-8a14-08999dd6dc5e,f3917a26-aeb8-49e7-b322-f84889bdf8bc,6cf861f2-93ff-445a-831f-e46ca50720a5,56ed28ea-6c2d-48c5-be37-142448850eae,262b810a-925a-4744-a150-392afbd819c1,4731525f-62dd-4128-ab56-3991b403e17e,081d1c6d-8f95-4d24-9176-a44641e41e8c,2962cada-f998-4cb6-bb25-e8ff2f486dd0,ad7b68aa-c031-4368-80c5-ee26e71594f4,d06aa7a1-c36f-4f5b-b5cd-fe1845dd2801,c595e8cc-74d4-4bfc-ac20-ee758c7e58a1,c3c1d772-792d-4dd0-a05d-45d4da5187e7,64a5e3a5-f202-4327-a074-5d38cd97709f,19a1c988-0e3d-4523-a394-cad4ac268497,a54a3753-066b-41f1-bbbf-cf1e154dba78,395dd978-ca54-4016-be0e-dce0019e32d0,ffebcace-a777-44c5-afd6-157aa070cee2,7ec02476-488d-412d-917e-364af6f0f9d9,b8c2f659-c140-430d-b0fc-1c8318604fbd,1a781432-3409-488e-9970-8201b78f62e4,54f4ef9a-6e4a-4283-aa26-2b7295954a52,7b9e151d-1eba-4328-b6f9-3eaf5217d360,dc100bb5-43c7-44a4-ae39-9ebd8ddfed97,d311d20b-f4a6-476e-afcc-bdd287be116c,d88ae8de-86fd-4dc6-b59d-d3e32f6b3908,7467fcab-0da1-496a-b193-be6b7c6c5d44,0dcda023-62b3-4872-966f-eb471f071d07,3ee26d15-dd49-4c71-9234-2ef50ef5bdee,8829514a-cb9f-47fb-aaeb-3167776f1062,b53660ec-ab0d-407f-be6f-684e58b28860,748f86ca-3b50-4ffa-b906-2232092c9a44,dba89696-c774-4ce0-9193-b735e68792a6,7a8ea59e-0205-458e-afc3-89c588ef7e8f,cee3fcf7-d49d-4889-9778-9ae768c39d82,e4ccc57d-4039-4ef0-98fe-283233bea8be,4ddd709e-f420-4586-8327-0e4da00cd9b5,8aa79db1-5df8-41c4-9c05-b69a23085da7,75ad8bbf-c050-45ee-9376-29abae836ebd,abfc0fa2-800d-43b5-b2da-88131412cef4,7d7b1f64-58f4-458b-8bb4-a85c90692fa7,b2a608e2-a35d-47fc-9f64-9ea042b3e68f,50fd73e8-ef37-44ba-8081-de62507f79f7,0135e29b-678d-4188-a935-1d0bfec9450b,1b1be5b7-e341-42b7-842d-cc83b56785e1,908de40a-25d7-4ad5-a45a-de9eb3709a77,f5d5aba7-faf3-4c7b-a324-508931a37649,93c8b989-b8b1-4b78-ac56-ec066775aceb,9e320169-d927-4e03-a1e4-78b1175e5833,5dd359a7-76b4-4458-9e6a-6a373b14eaac,ccbfb274-bf92-4d4e-bfe8-eb1626713253,5a0be539-f281-451c-b7f2-a63de0594947,fa4a42a7-9752-4fe1-850a-f7486ab28b0d,6d8206cf-51e3-416f-a6d9-47de3c982a9a,a229dbd5-de78-4abe-bfcc-1716c1dff00f,138d0fd5-f669-45f2-b26b-4c6856dfd923,d54c1e02-5058-4a7b-822c-b94b1aa5437e,c27daf06-3a56-4b68-999c-d6f451a98e69,2740572c-d3e1-441c-a957-78cc8bae56d2,91280388-8cf6-4b93-ae2b-69d955368d1c,393066a0-8cbb-495d-aeae-06f131b2d12a,23e9fbde-fd65-4163-afbd-1394e0d1fa73,69a7c168-ac95-4fe8-bdcd-7866a6c6ab04,b20c3f09-9179-43ca-9fb7-e845e97c8fd5,ad3ddd76-3ff0-44b7-8ea7-56c1c896b4ee,8af8b090-dfe5-4e15-bc78-cf4a7d2b1dc8,daedb3c9-2dc0-496c-af1f-d1fd37ba7e86,9ea63ec1-ea3b-43ff-92cf-05aa50ccfafd,9fe6ae61-bcbd-4086-8e64-832fb018a439,265cae4d-4cf9-49e0-a02e-91c802b10e5a,69835f7b-13f1-4e3d-9f2e-c17e0f54c218,94abd890-c3d9-4925-9483-7480d4c865a6,3d75c635-4d81-4ce9-85e8-ce1f91b3b372,32f3be97-94fb-4a61-893a-8d60715c3513,8cf68358-747f-4351-8717-ba7933cb428b,52582e45-507b-45ce-b68f-19af8f9cd791,44ad1518-dafe-4e57-bf41-64b7801b6fb8,ff3f7744-41bc-4f49-a081-dea48bf12145,8966412d-baea-44e1-84c4-6dafb13d799d,e2c8856d-6f7c-4730-9cbd-4a245606b62d,1640d273-06d6-444b-9141-cfbeab7852af,099c4c9a-9b78-4b7a-9f70-2faf4488bb56,ddaf655f-3dd6-4fe0-8f8f-bf442f7156db,96f816e3-8551-4bb5-9e45-37273ee6970f,776e13a6-ede1-4914-ba96-8feeaf4388c1
sessionsCount,1.0,2.0,2.0,2.0,1.0,1.0,1.0,1.0,1.0,2.0,1.0,1.0,1.0,1.0,2.0,1.0,1.0,1.0,1.0,1.0,1.0,1.0,1.0,1.0,1.0,1.0,1.0,1.0,1.0,1.0,1.0,1.0,1.0,1.0,2.0,2.0,2.0,3.0,2.0,2.0,2.0,1.0,1.0,1.0,1.0,2.0,2.0,1.0,2.0,1.0,1.0,1.0,2.0,1.0,1.0,1.0,1.0,1.0,1.0,1.0,1.0,2.0,1.0,1.0,1.0,1.0,1.0,1.0,1.0,1.0,1.0,1.0,1.0,1.0,2.0,3.0,1.0,1.0,1.0,2.0,2.0,1.0,2.0,2.0,1.0,1.0,1.0,1.0,1.0
scorepretest,2.0,1.0,0.0,0.0,3.0,0.0,4.0,1.0,0.0,0.0,1.0,3.0,0.0,0.0,2.0,2.0,4.0,0.0,0.0,8.0,0.0,0.0,1.0,2.0,2.0,0.0,1.0,0.0,0.0,0.0,0.0,1.0,1.0,5.0,1.0,1.0,3.0,2.0,0.0,2.0,0.0,1.0,3.0,0.0,0.0,0.0,6.0,0.0,5.0,1.0,3.0,0.0,2.0,0.0,1.0,1.0,0.0,1.0,0.0,0.0,3.0,1.0,0.0,1.0,0.0,1.0,3.0,6.0,1.0,2.0,1.0,0.0,1.0,0.0,1.0,4.0,1.0,1.0,1.0,3.0,0.0,2.0,6.0,0.0,1.0,1.0,0.0,3.0,0.0
scoreposttest,18.0,14.0,9.0,2.0,4.0,13.0,18.0,12.0,7.0,0.0,19.0,19.0,7.0,21.0,16.0,23.0,5.0,15.0,18.0,22.0,12.0,17.0,2.0,17.0,7.0,14.0,4.0,9.0,20.0,4.0,16.0,23.0,17.0,14.0,13.0,11.0,20.0,13.0,6.0,2.0,5.0,4.0,19.0,12.0,2.0,1.0,3.0,1.0,18.0,18.0,14.0,13.0,9.0,21.0,6.0,10.0,6.0,11.0,8.0,12.0,19.0,19.0,3.0,3.0,14.0,16.0,11.0,5.0,16.0,21.0,9.0,9.0,6.0,0.0,5.0,18.0,13.0,11.0,15.0,7.0,0.0,6.0,19.0,12.0,5.0,15.0,5.0,4.0,18.0
scoreundefined,,,,,,,,,,,,,,,,,,,,,,,,,,,,,,,,,,,,,,,,,,,,,,,,,,,,,,,,,,,,,,,,,,,,,,,,,,,,,,,,,,,,,,,,,
complete,1.0,1.0,1.0,0.0,0.0,1.0,1.0,0.0,0.0,0.0,0.0,1.0,0.0,1.0,1.0,1.0,0.0,1.0,0.0,0.0,1.0,1.0,0.0,0.0,0.0,0.0,0.0,0.0,1.0,0.0,0.0,0.0,0.0,0.0,1.0,1.0,1.0,1.0,0.0,0.0,0.0,0.0,1.0,1.0,0.0,0.0,0.0,0.0,1.0,0.0,0.0,0.0,0.0,1.0,0.0,0.0,0.0,0.0,0.0,0.0,1.0,1.0,0.0,0.0,0.0,0.0,0.0,0.0,0.0,0.0,0.0,0.0,0.0,0.0,1.0,0.0,0.0,0.0,0.0,0.0,0.0,0.0,1.0,1.0,0.0,1.0,0.0,0.0,1.0
configure,0.0,1.0,0.0,1.0,1.0,1.0,0.0,0.0,0.0,4.0,0.0,0.0,0.0,0.0,1.0,0.0,0.0,0.0,0.0,0.0,0.0,0.0,0.0,0.0,0.0,0.0,0.0,0.0,0.0,0.0,0.0,0.0,0.0,0.0,1.0,1.0,1.0,1.0,1.0,1.0,1.0,1.0,0.0,0.0,0.0,1.0,1.0,0.0,1.0,9.0,0.0,0.0,1.0,0.0,0.0,1.0,0.0,0.0,0.0,0.0,0.0,1.0,0.0,0.0,0.0,0.0,0.0,0.0,0.0,0.0,1.0,0.0,0.0,0.0,1.0,1.0,0.0,0.0,0.0,1.0,1.0,0.0,0.0,1.0,0.0,0.0,0.0,0.0,0.0
craft,23.0,19.0,21.0,12.0,5.0,14.0,18.0,9.0,3.0,16.0,22.0,21.0,7.0,18.0,20.0,21.0,3.0,42.0,26.0,4.0,18.0,17.0,26.0,8.0,11.0,17.0,5.0,17.0,20.0,6.0,11.0,10.0,6.0,5.0,20.0,24.0,17.0,38.0,9.0,7.0,6.0,8.0,15.0,21.0,10.0,22.0,10.0,6.0,32.0,16.0,19.0,28.0,11.0,27.0,12.0,6.0,8.0,12.0,6.0,5.0,21.0,20.0,4.0,2.0,16.0,16.0,8.0,7.0,8.0,13.0,13.0,6.0,6.0,3.0,12.0,16.0,13.0,21.0,7.0,6.0,4.0,12.0,18.0,21.0,3.0,38.0,3.0,6.0,23.0
death,24.0,28.0,55.0,14.0,13.0,75.0,26.0,29.0,1.0,30.0,120.0,24.0,30.0,52.0,50.0,17.0,1.0,54.0,35.0,10.0,77.0,48.0,3.0,17.0,4.0,276.0,16.0,20.0,28.0,19.0,19.0,24.0,21.0,9.0,44.0,26.0,30.0,44.0,38.0,31.0,18.0,33.0,40.0,22.0,35.0,29.0,3.0,11.0,48.0,27.0,20.0,61.0,88.0,37.0,77.0,74.0,4.0,57.0,25.0,31.0,45.0,32.0,2.0,3.0,104.0,86.0,51.0,24.0,33.0,55.0,153.0,24.0,26.0,20.0,52.0,29.0,43.0,39.0,17.0,12.0,10.0,6.0,62.0,191.0,1.0,67.0,3.0,7.0,57.0
equip,18.0,153.0,104.0,48.0,33.0,211.0,32.0,44.0,1.0,103.0,273.0,19.0,81.0,113.0,57.0,92.0,4.0,44.0,34.0,17.0,104.0,85.0,36.0,9.0,162.0,74.0,20.0,165.0,35.0,17.0,30.0,21.0,13.0,19.0,109.0,286.0,85.0,3.0,6.0,61.0,12.0,23.0,18.0,4.0,32.0,73.0,12.0,6.0,19.0,121.0,53.0,34.0,25.0,61.0,157.0,29.0,26.0,29.0,21.0,109.0,8.0,70.0,33.0,1.0,50.0,73.0,14.0,47.0,50.0,7.0,4.0,15.0,23.0,3.0,169.0,20.0,112.0,64.0,10.0,73.0,16.0,20.0,25.0,22.0,2.0,221.0,7.0,24.0,74.0
unequip,3.0,36.0,24.0,10.0,2.0,89.0,3.0,6.0,1.0,12.0,17.0,1.0,6.0,42.0,17.0,47.0,1.0,13.0,7.0,1.0,31.0,14.0,5.0,3.0,12.0,3.0,2.0,13.0,7.0,4.0,10.0,5.0,1.0,1.0,39.0,66.0,46.0,2.0,1.0,3.0,2.0,6.0,2.0,2.0,8.0,6.0,8.0,3.0,3.0,36.0,10.0,6.0,4.0,14.0,12.0,2.0,5.0,6.0,4.0,5.0,3.0,19.0,3.0,1.0,4.0,34.0,8.0,5.0,19.0,1.0,3.0,3.0,5.0,2.0,49.0,2.0,12.0,9.0,3.0,11.0,2.0,6.0,4.0,3.0,4.0,16.0,3.0,3.0,10.0
add,53.0,104.0,134.0,165.0,15.0,110.0,76.0,67.0,2.0,61.0,221.0,101.0,49.0,58.0,150.0,87.0,4.0,360.0,138.0,4.0,105.0,98.0,73.0,58.0,75.0,67.0,17.0,49.0,85.0,22.0,50.0,50.0,9.0,9.0,195.0,124.0,77.0,117.0,33.0,23.0,21.0,18.0,76.0,125.0,30.0,46.0,51.0,32.0,103.0,65.0,71.0,250.0,93.0,78.0,123.0,16.0,14.0,65.0,24.0,26.0,67.0,77.0,8.0,1.0,39.0,48.0,94.0,43.0,26.0,99.0,79.0,34.0,21.0,2.0,88.0,26.0,50.0,106.0,55.0,12.0,33.0,16.0,90.0,164.0,18.0,192.0,18.0,10.0,171.0
remove,23.0,34.0,73.0,9.0,6.0,12.0,40.0,25.0,0.0,3.0,81.0,45.0,15.0,18.0,99.0,35.0,0.0,207.0,57.0,0.0,23.0,14.0,2.0,11.0,10.0,26.0,4.0,8.0,42.0,5.0,7.0,18.0,1.0,0.0,53.0,17.0,15.0,15.0,6.0,0.0,0.0,0.0,33.0,69.0,1.0,3.0,2.0,5.0,52.0,25.0,2.0,93.0,38.0,39.0,0.0,1.0,1.0,25.0,0.0,2.0,38.0,39.0,0.0,0.0,14.0,4.0,10.0,10.0,6.0,61.0,36.0,0.0,0.0,0.0,26.0,3.0,16.0,24.0,0.0,0.0,1.0,1.0,43.0,104.0,4.0,70.0,5.0,0.0,82.0
gotomooc,0.0,0.0,0.0,0.0,0.0,0.0,0.0,0.0,0.0,0.0,0.0,0.0,0.0,0.0,0.0,0.0,0.0,0.0,0.0,0.0,0.0,0.0,0.0,0.0,0.0,0.0,0.0,0.0,0.0,0.0,0.0,0.0,0.0,0.0,0.0,0.0,0.0,0.0,0.0,0.0,0.0,0.0,0.0,0.0,0.0,0.0,0.0,0.0,0.0,0.0,0.0,0.0,0.0,0.0,0.0,0.0,0.0,0.0,0.0,0.0,0.0,0.0,0.0,0.0,0.0,0.0,0.0,0.0,0.0,0.0,0.0,0.0,0.0,0.0,0.0,0.0,0.0,0.0,0.0,0.0,0.0,0.0,0.0,0.0,0.0,0.0,0.0,0.0,0.0
gotourl,3.0,2.0,3.0,2.0,3.0,2.0,2.0,4.0,2.0,4.0,4.0,2.0,3.0,2.0,2.0,2.0,2.0,3.0,3.0,2.0,3.0,2.0,6.0,2.0,2.0,2.0,3.0,2.0,3.0,2.0,2.0,3.0,2.0,4.0,3.0,4.0,2.0,2.0,3.0,5.0,2.0,3.0,3.0,3.0,2.0,3.0,3.0,2.0,3.0,2.0,4.0,3.0,3.0,3.0,2.0,3.0,2.0,3.0,3.0,2.0,2.0,2.0,2.0,2.0,2.0,4.0,2.0,3.0,2.0,7.0,5.0,2.0,3.0,2.0,2.0,3.0,2.0,2.0,2.0,2.0,3.0,2.0,2.0,4.0,3.0,2.0,2.0,2.0,2.0
pickup,30.0,19.0,18.0,10.0,4.0,18.0,19.0,10.0,2.0,14.0,16.0,19.0,10.0,19.0,19.0,19.0,2.0,19.0,17.0,3.0,23.0,19.0,0.0,10.0,10.0,20.0,10.0,18.0,25.0,10.0,12.0,13.0,10.0,10.0,19.0,19.0,19.0,29.0,10.0,10.0,10.0,11.0,19.0,19.0,16.0,36.0,5.0,4.0,25.0,19.0,19.0,16.0,10.0,29.0,10.0,10.0,10.0,10.0,10.0,10.0,18.0,23.0,3.0,1.0,22.0,25.0,10.0,10.0,17.0,16.0,12.0,10.0,10.0,3.0,18.0,16.0,12.0,21.0,10.0,10.0,2.0,6.0,19.0,18.0,2.0,33.0,3.0,8.0,18.0
reach,30.0,22.0,22.0,7.0,4.0,19.0,20.0,14.0,2.0,11.0,20.0,19.0,11.0,18.0,24.0,19.0,2.0,24.0,23.0,2.0,31.0,22.0,0.0,17.0,7.0,20.0,7.0,19.0,26.0,9.0,11.0,13.0,11.0,5.0,20.0,21.0,17.0,31.0,29.0,6.0,6.0,11.0,22.0,25.0,8.0,37.0,5.0,3.0,28.0,17.0,15.0,33.0,76.0,34.0,17.0,21.0,7.0,23.0,11.0,12.0,20.0,23.0,2.0,2.0,19.0,22.0,5.0,9.0,17.0,19.0,16.0,9.0,9.0,2.0,20.0,39.0,10.0,15.0,9.0,10.0,2.0,6.0,24.0,41.0,2.0,33.0,2.0,5.0,19.0
restart,1.0,0.0,0.0,0.0,1.0,1.0,1.0,0.0,1.0,1.0,0.0,0.0,0.0,0.0,0.0,0.0,1.0,0.0,1.0,0.0,0.0,0.0,1.0,0.0,0.0,1.0,0.0,0.0,0.0,0.0,1.0,0.0,0.0,1.0,0.0,1.0,0.0,3.0,0.0,0.0,1.0,1.0,1.0,0.0,0.0,2.0,2.0,0.0,0.0,0.0,1.0,0.0,0.0,2.0,1.0,1.0,1.0,1.0,1.0,0.0,0.0,1.0,0.0,0.0,1.0,1.0,0.0,1.0,1.0,1.0,0.0,0.0,0.0,1.0,0.0,0.0,0.0,0.0,1.0,0.0,0.0,1.0,0.0,0.0,0.0,0.0,0.0,0.0,0.0
selectmenu,5.0,3.0,5.0,2.0,4.0,3.0,8.0,4.0,4.0,6.0,6.0,2.0,4.0,3.0,10.0,2.0,6.0,17.0,4.0,4.0,8.0,5.0,18.0,2.0,2.0,4.0,3.0,11.0,6.0,2.0,3.0,3.0,4.0,5.0,4.0,6.0,4.0,12.0,3.0,14.0,4.0,12.0,5.0,3.0,22.0,10.0,8.0,2.0,13.0,12.0,14.0,7.0,5.0,6.0,8.0,4.0,3.0,5.0,8.0,3.0,6.0,5.0,2.0,6.0,9.0,8.0,31.0,8.0,7.0,18.0,6.0,2.0,3.0,3.0,2.0,7.0,2.0,3.0,3.0,2.0,3.0,11.0,4.0,12.0,4.0,15.0,2.0,2.0,5.0
start,1.0,2.0,2.0,2.0,1.0,1.0,1.0,1.0,1.0,2.0,1.0,1.0,1.0,1.0,2.0,1.0,1.0,1.0,1.0,1.0,1.0,1.0,1.0,1.0,1.0,1.0,1.0,1.0,1.0,1.0,1.0,1.0,1.0,1.0,2.0,2.0,2.0,3.0,2.0,2.0,2.0,1.0,1.0,1.0,1.0,2.0,2.0,1.0,2.0,1.0,1.0,1.0,2.0,1.0,1.0,1.0,1.0,1.0,1.0,1.0,1.0,2.0,1.0,1.0,1.0,1.0,1.0,1.0,1.0,1.0,1.0,1.0,1.0,1.0,2.0,3.0,1.0,1.0,1.0,2.0,2.0,1.0,2.0,2.0,1.0,1.0,1.0,1.0,1.0
switch,0.0,0.0,0.0,0.0,0.0,0.0,0.0,0.0,0.0,0.0,0.0,0.0,0.0,0.0,0.0,0.0,0.0,0.0,0.0,0.0,0.0,0.0,0.0,0.0,0.0,0.0,0.0,0.0,0.0,0.0,0.0,0.0,0.0,0.0,0.0,0.0,0.0,0.0,0.0,0.0,0.0,0.0,0.0,0.0,0.0,0.0,0.0,0.0,0.0,0.0,0.0,0.0,0.0,0.0,0.0,0.0,0.0,0.0,0.0,0.0,0.0,0.0,0.0,0.0,0.0,0.0,0.0,0.0,0.0,0.0,0.0,0.0,0.0,0.0,0.0,0.0,0.0,0.0,0.0,0.0,0.0,0.0,0.0,0.0,0.0,0.0,0.0,0.0,0.0
scoredelta,16.0,13.0,9.0,2.0,1.0,13.0,14.0,11.0,7.0,0.0,18.0,16.0,7.0,21.0,14.0,21.0,1.0,15.0,18.0,14.0,12.0,17.0,1.0,15.0,5.0,14.0,3.0,9.0,20.0,4.0,16.0,22.0,16.0,9.0,12.0,10.0,17.0,11.0,6.0,0.0,5.0,3.0,16.0,12.0,2.0,1.0,-3.0,1.0,13.0,17.0,11.0,13.0,7.0,21.0,5.0,9.0,6.0,10.0,8.0,12.0,16.0,18.0,3.0,2.0,14.0,15.0,8.0,-1.0,15.0,19.0,8.0,9.0,5.0,0.0,4.0,14.0,12.0,10.0,14.0,4.0,0.0,4.0,13.0,12.0,4.0,14.0,5.0,1.0,18.0
maxChapter,14.0,14.0,14.0,4.0,3.0,14.0,14.0,4.0,1.0,6.0,13.0,14.0,4.0,14.0,14.0,14.0,1.0,14.0,14.0,1.0,14.0,14.0,0.0,4.0,4.0,12.0,4.0,5.0,14.0,4.0,6.0,7.0,4.0,4.0,14.0,14.0,14.0,13.0,4.0,4.0,4.0,4.0,14.0,14.0,4.0,4.0,1.0,2.0,14.0,14.0,5.0,13.0,4.0,14.0,4.0,4.0,4.0,4.0,4.0,4.0,14.0,14.0,1.0,1.0,5.0,13.0,4.0,4.0,12.0,4.0,5.0,4.0,4.0,1.0,14.0,4.0,5.0,6.0,4.0,4.0,1.0,1.0,14.0,14.0,1.0,14.0,1.0,4.0,14.0
efficiency,-9.63522255158196,-10.577214007366207,-11.267764077846183,-29.118792650222563,-28.161300080092495,-11.710865477873696,-9.738223659069533,-28.648789019159672,-26.896250257456156,-28.430396093316983,-26.762719199484355,-9.556273786359919,-28.762117717571037,-10.681124651100339,-11.227403381617052,-10.012795014742462,-27.381758073723248,-11.89084166676213,-10.33861079775779,-28.400327654404762,-11.275825461378407,-10.763944546211777,-30.587530672563044,-28.17075322095164,-29.171543222070902,-27.14855058903851,-27.715691174615564,-28.879900759855296,-10.020362623524726,-27.812540997660204,-27.788068161141283,-27.47491426615965,-27.550176733169728,-27.399353845247497,-11.076040417919554,-11.183658669231583,-9.974261623411836,-25.619155478564807,-28.104061841925976,-28.45033809444159,-27.69859674291056,-28.0569943356462,-9.9912419867237,-10.013786969716119,-28.320284951625077,-28.779817280441357,-29.160614138115193,-28.356652596858257,-10.74285214762499,-10.296399644631501,-28.450338099709864,-26.230205237026507,-29.022648788785254,-10.747087773644878,-29.55165673300477,-28.474435635733894,-27.6084456391609,-28.738020152767344,-27.981959155242105,-28.785648210111244,-10.137727080510896,-10.000432758592607,-28.68800972707816,-26.896250258885544,-28.69757922479528,-26.816207655940545,-28.762117725390247,-28.442174782717153,-25.843889072727695,-28.80293970067869,-28.87193259974869,-28.020180364627386,-27.981959149626434,-28.184104545768182,-10.997374954263133,-28.159942301470046,-28.73954340089089,-28.520955689070643,-28.13796340861671,-28.282544625918632,-28.975691799146244,-28.824141906293587,-10.799131478495578,-12.227543170327365,-28.035684540889594,-12.084811836424175,-28.282544618930533,-27.509354738179752,-11.0566290420613
thoroughness,690.0,361.0,378.0,120.0,20.0,252.0,342.0,90.0,6.0,224.0,352.0,399.0,70.0,342.0,380.0,399.0,6.0,798.0,442.0,12.0,414.0,323.0,0.0,80.0,110.0,340.0,50.0,612.0,500.0,60.0,132.0,130.0,60.0,50.0,380.0,456.0,323.0,1102.0,90.0,70.0,60.0,88.0,285.0,399.0,160.0,792.0,50.0,24.0,1600.0,304.0,361.0,448.0,110.0,783.0,120.0,60.0,80.0,120.0,60.0,50.0,378.0,460.0,12.0,2.0,352.0,400.0,80.0,70.0,136.0,208.0,156.0,60.0,60.0,9.0,216.0,512.0,156.0,441.0,70.0,60.0,8.0,72.0,342.0,378.0,6.0,1254.0,9.0,48.0,414.0
fun,7.646584942726386,7.687300315032547,8.358837348939765,7.375685510223042,7.498961091929912,8.452271877022676,7.722745685901829,7.793639997833021,5.39264524587136,7.954401064252212,8.593734514853585,7.564789671781442,8.30094655163526,8.015584296149664,8.37405696253413,7.529483254028818,6.145821634203223,9.006765351932366,7.921800473692729,7.52738454403992,8.316994873255249,8.057808817758476,6.655983317477438,7.749541837148176,7.809812391807494,8.368733321503374,7.685483009464069,8.140730614354627,7.80953199019426,8.031206510997166,7.860151492094039,7.730958758516961,7.647655311704811,7.263581162571124,8.063032674649197,7.8899786847111795,7.712949520347721,8.385140704671114,8.014468995615907,7.687445226751298,7.506882946469,7.548795149723324,7.8240084101493945,7.937471120085788,8.017769649483357,8.366249596722685,7.323265762931502,7.204068247859755,8.237337744205162,7.76471290467438,8.067359808161157,8.178954114852191,8.896059534712977,8.223692892530211,8.177459361577956,8.22196834362229,7.110104927849257,8.07171482417318,8.053392364952343,8.17213423420265,8.081184954776319,7.660687199344576,6.846997335778801,6.507846207477469,8.530804535347709,8.28307109581856,8.323850888679239,7.7383242746496625,7.726521380966241,8.313106155792822,8.453289348827619,7.710235673573597,7.72467154301125,7.508433489675487,8.020888953447022,7.830515041484873,7.9239546922358715,8.332929910695931,8.394792988026978,7.680010268795787,7.117762525614102,7.796722089407206,8.499394123653518,8.984063918244129,6.7725424735750765,8.690908487023904,6.309981912565445,7.104958059079981,8.061460052631702
completionTime,1927.8280000000002,1929.377,3726.563,92233721105.53976,101457093490.27354,4448.500999999999,1662.098,92233720937.93677,119903836544.41011,73786978426.26721,9223375128.504776,1277.086,92233722146.60077,2697.9219999999996,4055.513,1535.099,119903836602.6101,4368.984,1980.966,119903836565.07312,3879.8970000000004,2848.4829999999997,138350580552.8217,92233721190.19276,92233721701.62877,18446747698.88755,92233721458.72777,83010350482.12299,1995.2289999999998,92233721187.07376,73786978425.3842,64563605958.71542,92233721184.95377,92233721352.11377,2626.2019999999998,2340.9469999999997,1533.3410000000001,9223374719.086777,92233720772.65176,92233722229.73976,92233721611.30977,92233721194.91676,2183.44,1936.3220000000001,92233720886.04977,92233720834.19977,119903836602.58612,110680465180.83633,3421.028,1932.1149999999998,83010350444.08699,9223374166.504776,92233721023.96777,3418.708,92233721150.35876,92233721280.95377,92233720988.23776,92233720926.84377,92233721705.78278,92233721697.42377,2670.3109999999997,1652.7,119903836591.64612,119903836715.79912,83010352286.26498,27670119063.03533,92233722867.79576,92233722129.64076,18446745675.504555,92233721093.97377,83010351274.25499,92233721388.96777,92233721187.82877,119903836545.05612,2781.8559999999998,92233720878.68477,83010350376.74298,73786979806.6692,92233722157.54576,92233721096.01077,119903836545.63911,119903837178.07712,3748.3349999999996,7681.975,119903836573.79512,5120.2480000000005,119903836586.91411,92233721141.62978,2915.4569999999994
ch00completion,0.0,0.0,0.0,0.0,0.0,0.0,0.0,0.0,0.0,0.0,0.0,0.0,0.0,0.0,0.0,0.0,0.0,0.0,0.0,0.0,0.0,0.0,9223372036.854776,0.0,0.0,0.0,0.0,0.0,0.0,0.0,0.0,0.0,0.0,0.0,0.0,0.0,0.0,0.0,0.0,0.0,0.0,0.0,0.0,0.0,0.0,0.0,0.0,0.0,0.0,0.0,0.0,0.0,0.0,0.0,0.0,0.0,0.0,0.0,0.0,0.0,0.0,0.0,0.0,0.0,0.0,0.0,0.0,0.0,0.0,0.0,0.0,0.0,0.0,0.0,0.0,0.0,0.0,0.0,0.0,0.0,0.0,0.0,0.0,0.0,0.0,0.0,0.0,0.0,0.0
ch01completion,64.573,69.665,74.29,86.285,156.788,106.226,61.692,103.333,65.298,70.085,105.001,66.107,138.628,120.12,91.983,45.122,123.498,84.79,79.39,85.961,93.04,103.851,9223372036.854776,73.465,79.944,117.551,76.48,55.516,55.522,125.922,76.259,87.118,98.272,91.243,64.706,83.43,51.38,106.72,84.531,72.155,212.488,101.862,67.573,88.162,84.814,70.504,123.474,70.617,84.379,46.1,90.446,106.473,77.239,75.018,82.589,79.87,68.136,109.673,69.658,166.096,196.207,66.753,112.534,236.687,102.088,92.201,224.815,77.855,81.099,132.461,124.773,64.719,167.632,65.944,67.282,64.073,72.382,119.851,113.452,78.834,66.527,698.965,108.252,106.712,94.683,150.259,107.802,134.549,95.335
ch02completion,167.5,244.845,494.321,577.833,842.909,370.235,246.451,360.731,9223372036.854776,579.87,477.493,185.017,1174.094,494.845,560.086,146.217,9223372036.854776,466.325,245.811,9223372036.854776,342.797,343.255,9223372036.854776,651.456,1189.749,450.852,918.869,813.05,257.78,361.81,317.888,295.04,557.58,521.386,289.935,263.492,175.695,329.522,190.166,1583.726,685.373,569.967,410.518,325.241,356.438,278.069,9223372036.854776,667.962,343.872,223.741,886.565,428.743,425.203,301.943,555.587,658.951,420.263,327.563,804.251,976.254,306.783,225.286,9223372036.854776,9223372036.854776,666.557,233.977,1423.936,1562.982,227.304,331.487,623.787,804.666,489.614,9223372036.854776,337.144,322.063,718.795,348.713,1547.455,516.347,9223372036.854776,9223372036.854776,305.772,382.942,9223372036.854776,1794.116,9223372036.854776,510.529,443.694
ch03completion,60.254,37.187,46.786,46.102,85.174,90.94,41.913,82.864,9223372036.854776,112.41,75.732,57.771,285.321,63.557,116.501,43.99,9223372036.854776,68.701,87.158,9223372036.854776,55.792,75.05,9223372036.854776,38.989,51.308,163.563,50.433,102.952,41.308,67.014,118.99,50.862,48.944,63.896,47.275,81.17,71.858,42.889,62.824,100.681,310.717,100.714,59.283,44.054,46.839,52.041,9223372036.854776,9223372036.854776,79.732,61.674,286.994,34.639,78.314,81.056,75.514,115.476,83.668,63.058,369.786,134.661,101.407,288.22,9223372036.854776,9223372036.854776,122.758,61.001,170.426,59.0,60.917,80.938,214.536,61.597,40.141,9223372036.854776,70.327,50.683,50.909,61.995,107.889,97.95,9223372036.854776,9223372036.854776,72.866,101.859,9223372036.854776,55.121,9223372036.854776,87.21,82.747
ch04completion,17.999,6.343,33.568,26.772,9223372036.854776,52.805,29.148,22.461,9223372036.854776,184.218,38.167,16.305,180.01,39.824,20.606,20.858,9223372036.854776,40.601,78.366,9223372036.854776,12.016,10.45,9223372036.854776,57.735,12.08,349.289,44.398,51.912,19.083,263.78,111.05,42.092,111.61,307.041,18.094,31.901,14.216,65.68,66.583,104.63,34.184,53.826,55.966,18.367,29.411,65.038,9223372036.854776,9223372036.854776,25.501,24.232,48.223,40.562,74.664,59.165,68.121,58.109,47.623,58.002,93.54,51.865,16.231,39.044,9223372036.854776,9223372036.854776,87.693,57.106,680.071,61.256,43.0,180.54,76.214,89.438,121.894,9223372036.854776,40.124,73.318,70.401,21.096,20.202,34.332,9223372036.854776,9223372036.854776,71.652,15.169,9223372036.854776,64.909,9223372036.854776,40.794,24.733
ch05completion,359.931,645.108,1121.191,9223372036.854776,9223372036.854776,860.878,328.88,9223372036.854776,9223372036.854776,315.947,376.412,290.533,9223372036.854776,656.624,1460.16,214.554,9223372036.854776,1736.923,413.152,9223372036.854776,1611.938,710.353,9223372036.854776,9223372036.854776,9223372036.854776,1267.026,9223372036.854776,1127.0,827.684,9223372036.854776,970.468,915.859,9223372036.854776,9223372036.854776,416.037,701.136,302.143,1527.999,9223372036.854776,9223372036.854776,9223372036.854776,9223372036.854776,476.222,791.349,9223372036.854776,9223372036.854776,9223372036.854776,9223372036.854776,1258.025,342.806,800.166,1125.709,9223372036.854776,1886.079,9223372036.854776,9223372036.854776,9223372036.854776,9223372036.854776,9223372036.854776,9223372036.854776,949.5,491.121,9223372036.854776,9223372036.854776,2975.476,1358.125,9223372036.854776,9223372036.854776,446.804,9223372036.854776,1903.252,9223372036.854776,9223372036.854776,9223372036.854776,1032.879,9223372036.854776,1132.563,2256.125,9223372036.854776,9223372036.854776,9223372036.854776,9223372036.854776,2079.105,5107.923,9223372036.854776,1162.392,9223372036.854776,9223372036.854776,460.724
ch06completion,92.102,108.807,353.854,9223372036.854776,9223372036.854776,1563.436,103.994,9223372036.854776,9223372036.854776,868.899,237.077,121.78,9223372036.854776,200.352,296.081,102.48,9223372036.854776,332.291,111.689,9223372036.854776,194.195,194.086,9223372036.854776,9223372036.854776,9223372036.854776,-725.179,9223372036.854776,9223372036.854776,136.354,9223372036.854776,535.891,241.613,9223372036.854776,9223372036.854776,79.736,309.064,134.302,118.365,9223372036.854776,9223372036.854776,9223372036.854776,9223372036.854776,132.266,127.622,9223372036.854776,9223372036.854776,9223372036.854776,9223372036.854776,375.099,173.825,9223372036.854776,102.095,9223372036.854776,279.293,9223372036.854776,9223372036.854776,9223372036.854776,9223372036.854776,9223372036.854776,9223372036.854776,192.83,90.525,9223372036.854776,9223372036.854776,9223372036.854776,793.284,9223372036.854776,9223372036.854776,327.138,9223372036.854776,9223372036.854776,9223372036.854776,9223372036.854776,9223372036.854776,447.271,9223372036.854776,9223372036.854776,704.051,9223372036.854776,9223372036.854776,9223372036.854776,9223372036.854776,203.807,599.774,9223372036.854776,178.749,9223372036.854776,9223372036.854776,141.651
ch07completion,58.499,96.735,815.09,9223372036.854776,9223372036.854776,53.942,245.216,9223372036.854776,9223372036.854776,9223372036.854776,461.543,65.539,9223372036.854776,111.357,77.741,63.871,9223372036.854776,458.45,58.041,9223372036.854776,111.459,110.149,9223372036.854776,9223372036.854776,9223372036.854776,1695.244,9223372036.854776,9223372036.854776,58.398,9223372036.854776,9223372036.854776,68.148,9223372036.854776,9223372036.854776,153.094,71.721,69.619,23.999,9223372036.854776,9223372036.854776,9223372036.854776,9223372036.854776,80.544,50.246,9223372036.854776,9223372036.854776,9223372036.854776,9223372036.854776,514.485,67.813,9223372036.854776,75.601,9223372036.854776,69.499,9223372036.854776,9223372036.854776,9223372036.854776,9223372036.854776,9223372036.854776,9223372036.854776,101.138,39.884,9223372036.854776,9223372036.854776,9223372036.854776,78.294,9223372036.854776,9223372036.854776,151.515,9223372036.854776,9223372036.854776,9223372036.854776,9223372036.854776,9223372036.854776,155.98,9223372036.854776,9223372036.854776,9223372036.854776,9223372036.854776,9223372036.854776,9223372036.854776,9223372036.854776,63.447,88.331,9223372036.854776,368.696,9223372036.854776,9223372036.854776,86.741
ch08completion,756.177,381.815,113.769,9223372036.854776,9223372036.854776,234.325,134.813,9223372036.854776,9223372036.854776,9223372036.854776,77.288,40.268,9223372036.854776,223.109,219.619,133.728,9223372036.854776,111.5,403.345,9223372036.854776,356.424,135.275,9223372036.854776,9223372036.854776,9223372036.854776,105.716,9223372036.854776,9223372036.854776,78.701,9223372036.854776,9223372036.854776,9223372036.854776,9223372036.854776,9223372036.854776,385.17,228.061,207.413,220.361,9223372036.854776,9223372036.854776,9223372036.854776,9223372036.854776,252.648,143.403,9223372036.854776,9223372036.854776,9223372036.854776,9223372036.854776,152.278,489.902,9223372036.854776,106.811,9223372036.854776,124.297,9223372036.854776,9223372036.854776,9223372036.854776,9223372036.854776,9223372036.854776,9223372036.854776,100.409,90.899,9223372036.854776,9223372036.854776,9223372036.854776,112.87,9223372036.854776,9223372036.854776,151.244,9223372036.854776,9223372036.854776,9223372036.854776,9223372036.854776,9223372036.854776,50.134,9223372036.854776,9223372036.854776,9223372036.854776,9223372036.854776,9223372036.854776,9223372036.854776,9223372036.854776,147.858,297.938,9223372036.854776,58.51,9223372036.854776,9223372036.854776,609.331
ch09completion,47.411,58.445,98.122,9223372036.854776,9223372036.854776,69.796,55.955,9223372036.854776,9223372036.854776,9223372036.854776,65.704,36.822,9223372036.854776,40.73,41.448,71.142,9223372036.854776,92.839,47.088,9223372036.854776,57.527,218.395,9223372036.854776,9223372036.854776,9223372036.854776,66.021,9223372036.854776,9223372036.854776,113.923,9223372036.854776,9223372036.854776,9223372036.854776,9223372036.854776,9223372036.854776,48.44,51.962,44.883,42.863,9223372036.854776,9223372036.854776,9223372036.854776,9223372036.854776,106.774,53.38,9223372036.854776,9223372036.854776,9223372036.854776,9223372036.854776,78.724,60.632,9223372036.854776,56.857,9223372036.854776,82.319,9223372036.854776,9223372036.854776,9223372036.854776,9223372036.854776,9223372036.854776,9223372036.854776,60.399,42.361,9223372036.854776,9223372036.854776,9223372036.854776,103.357,9223372036.854776,9223372036.854776,60.484,9223372036.854776,9223372036.854776,9223372036.854776,9223372036.854776,9223372036.854776,39.732,9223372036.854776,9223372036.854776,9223372036.854776,9223372036.854776,9223372036.854776,9223372036.854776,9223372036.854776,44.906,185.778,9223372036.854776,111.747,9223372036.854776,9223372036.854776,59.395
ch10completion,33.268,39.047,7.896,9223372036.854776,9223372036.854776,42.537,46.87,9223372036.854776,9223372036.854776,9223372036.854776,42.988,40.086,9223372036.854776,40.86,187.357,63.007,9223372036.854776,51.091,22.493,9223372036.854776,11.155,105.752,9223372036.854776,9223372036.854776,9223372036.854776,100.938,9223372036.854776,9223372036.854776,41.811,9223372036.854776,9223372036.854776,9223372036.854776,9223372036.854776,9223372036.854776,41.261,46.306,41.296,33.345,9223372036.854776,9223372036.854776,9223372036.854776,9223372036.854776,193.767,67.589,9223372036.854776,9223372036.854776,9223372036.854776,9223372036.854776,77.205,68.978,9223372036.854776,19.879,9223372036.854776,99.617,9223372036.854776,9223372036.854776,9223372036.854776,9223372036.854776,9223372036.854776,9223372036.854776,82.891,30.459,9223372036.854776,9223372036.854776,9223372036.854776,58.762,9223372036.854776,9223372036.854776,39.621,9223372036.854776,9223372036.854776,9223372036.854776,9223372036.854776,9223372036.854776,24.895,9223372036.854776,9223372036.854776,9223372036.854776,9223372036.854776,9223372036.854776,9223372036.854776,9223372036.854776,43.895,58.514,9223372036.854776,92.543,9223372036.854776,9223372036.854776,44.078
ch11completion,3.116,3.248,3.209,9223372036.854776,9223372036.854776,3.278,4.371,9223372036.854776,9223372036.854776,9223372036.854776,3.18,3.112,9223372036.854776,5.422,4.111,3.053,9223372036.854776,3.962,3.248,9223372036.854776,5.503,3.326,9223372036.854776,9223372036.854776,9223372036.854776,8.237,9223372036.854776,9223372036.854776,3.177,9223372036.854776,9223372036.854776,9223372036.854776,9223372036.854776,9223372036.854776,3.735,3.814,3.141,3.617,9223372036.854776,9223372036.854776,9223372036.854776,9223372036.854776,3.219,2.932,9223372036.854776,9223372036.854776,9223372036.854776,9223372036.854776,4.159,5.465,9223372036.854776,3.214,9223372036.854776,3.891,9223372036.854776,9223372036.854776,9223372036.854776,9223372036.854776,9223372036.854776,9223372036.854776,4.763,3.143,9223372036.854776,9223372036.854776,9223372036.854776,3.494,9223372036.854776,9223372036.854776,4.068,9223372036.854776,9223372036.854776,9223372036.854776,9223372036.854776,9223372036.854776,6.097,9223372036.854776,9223372036.854776,9223372036.854776,9223372036.854776,9223372036.854776,9223372036.854776,9223372036.854776,3.768,5.423,9223372036.854776,7.454,9223372036.854776,9223372036.854776,3.979
ch12completion,9.217,22.492,10.945,9223372036.854776,9223372036.854776,45.007,5.688,9223372036.854776,9223372036.854776,9223372036.854776,55.486,4.303,9223372036.854776,8.05,56.933,31.634,9223372036.854776,22.98,6.559,9223372036.854776,7.667,22.125,9223372036.854776,9223372036.854776,9223372036.854776,25.92,9223372036.854776,9223372036.854776,6.153,9223372036.854776,9223372036.854776,9223372036.854776,9223372036.854776,9223372036.854776,11.947,13.281,5.165,5.495,9223372036.854776,9223372036.854776,9223372036.854776,9223372036.854776,39.941,7.329,9223372036.854776,9223372036.854776,9223372036.854776,9223372036.854776,8.211,8.735,9223372036.854776,366.73,9223372036.854776,15.001,9223372036.854776,9223372036.854776,9223372036.854776,9223372036.854776,9223372036.854776,9223372036.854776,7.246,7.186,9223372036.854776,9223372036.854776,9223372036.854776,9223372036.854776,9223372036.854776,9223372036.854776,8.601,9223372036.854776,9223372036.854776,9223372036.854776,9223372036.854776,9223372036.854776,5.001,9223372036.854776,9223372036.854776,9223372036.854776,9223372036.854776,9223372036.854776,9223372036.854776,9223372036.854776,14.086,10.638,9223372036.854776,16.727,9223372036.854776,9223372036.854776,103.064
ch13completion,159.338,85.719,246.927,9223372036.854776,9223372036.854776,375.611,184.676,9223372036.854776,9223372036.854776,9223372036.854776,1075.579,94.182,9223372036.854776,598.957,167.734,503.569,9223372036.854776,795.726,259.773,9223372036.854776,434.06,350.106,9223372036.854776,9223372036.854776,9223372036.854776,9223372036.854776,9223372036.854776,9223372036.854776,130.65,9223372036.854776,9223372036.854776,9223372036.854776,9223372036.854776,9223372036.854776,169.766,274.514,181.978,161.377,9223372036.854776,9223372036.854776,9223372036.854776,9223372036.854776,132.916,125.089,9223372036.854776,9223372036.854776,9223372036.854776,9223372036.854776,203.727,275.626,9223372036.854776,-337.663,9223372036.854776,181.379,9223372036.854776,9223372036.854776,9223372036.854776,9223372036.854776,9223372036.854776,9223372036.854776,317.914,115.378,9223372036.854776,9223372036.854776,9223372036.854776,9223372036.854776,9223372036.854776,9223372036.854776,9223372036.854776,9223372036.854776,9223372036.854776,9223372036.854776,9223372036.854776,9223372036.854776,398.14,9223372036.854776,9223372036.854776,9223372036.854776,9223372036.854776,9223372036.854776,9223372036.854776,9223372036.854776,175.493,609.41,9223372036.854776,820.469,9223372036.854776,9223372036.854776,661.736
ch14completion,98.443,129.921,306.595,9223372036.854776,9223372036.854776,579.485,172.431,9223372036.854776,9223372036.854776,9223372036.854776,9223372036.854776,255.261,9223372036.854776,94.115,755.153,91.874,9223372036.854776,102.805,164.853,9223372036.854776,586.324,466.31,9223372036.854776,9223372036.854776,9223372036.854776,9223372036.854776,9223372036.854776,9223372036.854776,224.685,9223372036.854776,9223372036.854776,9223372036.854776,9223372036.854776,9223372036.854776,897.006,181.095,230.252,9223372036.854776,9223372036.854776,9223372036.854776,9223372036.854776,9223372036.854776,171.803,91.559,9223372036.854776,9223372036.854776,9223372036.854776,9223372036.854776,215.631,82.586,9223372036.854776,9223372036.854776,9223372036.854776,160.151,9223372036.854776,9223372036.854776,9223372036.854776,9223372036.854776,9223372036.854776,9223372036.854776,232.593,122.441,9223372036.854776,9223372036.854776,9223372036.854776,9223372036.854776,9223372036.854776,9223372036.854776,9223372036.854776,9223372036.854776,9223372036.854776,9223372036.854776,9223372036.854776,9223372036.854776,106.85,9223372036.854776,9223372036.854776,9223372036.854776,9223372036.854776,9223372036.854776,9223372036.854776,9223372036.854776,413.428,111.564,9223372036.854776,238.556,9223372036.854776,9223372036.854776,98.249
ch00total,100.309,69.581,74.157,86.284,156.791,106.635,61.75,103.35,65.235,127.95,104.882,66.319,138.93,119.743,91.914,44.301,123.413,84.949,79.395,85.952,93.007,103.933,0.0,73.444,79.93,117.53,76.409,55.427,55.476,125.815,76.243,87.085,98.315,91.239,64.631,83.398,51.339,141.809,84.383,72.056,212.867,179.925,67.553,88.137,84.714,186.595,177.324,70.533,84.399,45.816,139.676,106.468,77.879,117.742,82.582,79.881,68.02,109.687,69.655,166.03,196.155,98.793,112.589,236.468,147.714,147.917,223.21,77.829,81.099,132.431,125.131,64.634,167.63,65.887,67.268,64.082,72.307,119.511,112.977,78.83,66.467,698.52,108.18,106.667,94.643,149.652,107.718,134.423,95.308
ch01total,317.022,244.796,494.46,577.794,842.821,761.984,246.412,360.69,100.549,649.985,477.464,185.065,1174.032,495.226,560.077,146.918,451.272,465.77,245.813,2310.803,342.405,343.26,0.0,1097.645,1189.73,450.843,918.897,813.064,257.771,361.894,317.837,295.068,557.558,911.523,289.779,263.476,175.29,510.406,189.668,1583.72,685.495,491.876,893.01,325.227,356.478,558.048,1248.952,668.006,346.41,223.913,837.301,428.692,464.048,439.484,555.542,658.879,420.318,327.528,1288.267,976.251,306.394,359.954,755.736,327.247,942.668,501.533,1947.072,1562.893,227.248,331.461,623.846,804.691,489.608,1670.084,337.019,322.022,1138.379,727.165,1547.524,516.292,1013.446,1407.162,305.728,382.904,424.626,1813.407,376.566,1214.873,443.604
ch02total,92.755,37.199,46.786,46.116,85.182,91.021,41.932,174.62,0.0,112.553,75.791,57.777,285.295,57.193,116.461,44.032,0.0,68.486,87.149,0.0,56.193,75.075,0.0,39.011,51.104,163.564,50.406,102.997,41.313,66.999,119.025,88.449,48.949,63.9,68.95,102.677,72.289,86.461,63.365,100.609,310.712,100.659,58.843,74.757,46.832,175.046,0.0,518.125,79.695,644.141,286.943,34.642,77.641,166.425,75.54,115.541,83.696,63.081,369.791,134.681,101.763,121.395,0.0,0.0,313.01,114.855,169.365,59.029,60.912,80.882,214.468,61.614,40.099,0.0,66.201,50.655,50.856,110.667,107.885,156.614,0.0,0.0,72.916,101.913,0.0,55.391,0.0,87.216,82.795
ch03total,157.598,150.049,267.663,94.394,555.154,120.731,83.066,161.364,0.0,221.546,76.564,64.703,573.009,158.827,140.668,67.457,0.0,111.394,117.278,0.0,322.497,135.997,0.0,285.218,28.741,576.311,91.676,119.964,110.558,326.213,276.807,310.717,210.431,307.061,78.182,87.422,67.872,297.777,424.348,230.033,166.85,97.816,150.243,228.702,84.782,763.553,0.0,0.0,227.685,41.734,176.744,227.42,1434.031,723.659,807.219,342.633,65.856,281.148,334.301,687.323,115.026,73.11,0.0,0.0,399.83,198.262,681.122,171.204,107.908,560.888,803.113,216.524,212.814,0.0,77.263,252.041,175.646,149.808,84.252,170.515,0.0,0.0,447.061,848.102,807.095,217.98,0.0,40.769,81.436
ch04total,352.949,501.393,888.658,678.496,523.849,792.946,863.636,1421.254,336.169,278.671,337.933,242.175,1626.707,543.813,1550.175,167.952,558.207,1666.585,374.23,0.0,1602.492,1051.64,0.0,1161.689,982.709,1006.8,820.26,1359.245,736.197,1938.02,804.672,609.582,1397.66,488.272,334.428,624.112,248.447,1036.202,2091.513,162.194,231.633,907.68,382.318,550.236,2419.913,2461.082,0.0,421.86,1055.836,325.261,1278.095,938.742,5165.581,1404.624,2423.185,2382.347,466.27,2703.147,1404.934,1829.62,850.575,457.061,0.0,0.0,2151.347,839.88,1495.431,879.548,777.814,2803.209,1176.309,1013.382,1232.614,0.0,1001.212,1727.287,1027.088,2379.471,2366.592,1086.601,0.0,0.0,1703.706,4274.716,0.0,990.184,499.426,312.026,404.052
ch05total,144.972,108.815,353.78,0.0,0.0,1563.34,104.05,0.0,0.0,868.825,237.105,121.731,0.0,200.51,296.114,102.517,0.0,332.465,111.621,0.0,194.171,194.089,0.0,0.0,0.0,367.896,0.0,1034.083,136.292,0.0,965.451,241.624,0.0,0.0,79.734,309.062,134.14,118.343,0.0,0.0,0.0,0.0,132.238,723.638,0.0,0.0,0.0,0.0,375.115,173.882,972.638,666.198,0.0,279.221,0.0,0.0,0.0,0.0,0.0,0.0,192.904,90.604,0.0,0.0,1087.416,793.364,0.0,0.0,327.193,495.725,1606.904,0.0,0.0,0.0,447.289,0.0,641.598,704.644,810.914,0.0,0.0,0.0,203.865,599.81,0.0,178.675,0.0,0.0,141.613
ch06total,92.132,96.781,815.079,0.0,0.0,53.923,245.112,0.0,0.0,2387.82,461.58,65.466,0.0,111.286,77.863,63.864,0.0,458.428,58.109,0.0,111.471,110.152,0.0,0.0,514.993,635.055,0.0,0.0,58.344,0.0,285.12,68.152,0.0,0.0,153.196,71.703,69.753,23.967,0.0,0.0,0.0,0.0,80.595,50.238,0.0,0.0,0.0,0.0,514.44,67.697,0.0,75.557,0.0,69.535,0.0,0.0,0.0,0.0,0.0,0.0,96.592,39.731,0.0,0.0,0.0,78.259,0.0,0.0,145.764,0.0,0.0,0.0,0.0,637.259,155.771,0.0,0.0,471.484,0.0,0.0,0.0,0.0,63.414,87.718,0.0,368.741,0.0,0.0,86.767
ch07total,319.189,381.727,113.807,0.0,0.0,234.336,134.88,0.0,0.0,0.0,77.212,40.299,0.0,223.125,219.43,133.674,0.0,111.555,403.236,0.0,356.413,135.275,0.0,0.0,0.0,105.981,0.0,0.0,78.812,0.0,0.0,448.238,0.0,0.0,384.793,228.064,206.831,220.425,0.0,0.0,0.0,0.0,252.6,143.148,0.0,0.0,0.0,0.0,152.187,489.925,0.0,106.835,0.0,123.998,0.0,658.03,0.0,0.0,0.0,0.0,104.966,91.038,0.0,0.0,0.0,112.923,0.0,0.0,156.941,0.0,0.0,0.0,0.0,0.0,50.29,0.0,0.0,0.0,0.0,0.0,0.0,0.0,147.831,298.586,0.0,58.529,0.0,0.0,609.268
ch08total,47.489,58.615,98.129,0.0,0.0,69.807,56.016,0.0,0.0,0.0,65.853,36.947,0.0,40.8,41.566,70.808,0.0,92.558,47.189,0.0,57.48,218.393,0.0,0.0,0.0,66.049,0.0,0.0,113.941,0.0,0.0,0.0,0.0,0.0,48.85,49.891,45.504,42.818,0.0,0.0,0.0,0.0,106.787,53.743,0.0,0.0,0.0,0.0,78.831,60.699,0.0,56.88,0.0,82.633,0.0,0.0,0.0,0.0,0.0,0.0,60.482,42.385,0.0,0.0,0.0,103.316,0.0,0.0,60.483,0.0,0.0,0.0,0.0,0.0,39.8,0.0,0.0,0.0,0.0,0.0,0.0,0.0,44.949,185.765,0.0,111.79,0.0,0.0,59.481
ch09total,33.127,39.034,7.873,0.0,0.0,42.534,46.8,0.0,0.0,0.0,42.868,39.967,0.0,40.75,187.281,63.251,0.0,51.375,22.485,0.0,11.193,105.686,0.0,0.0,0.0,100.899,0.0,0.0,41.75,0.0,0.0,0.0,0.0,0.0,41.183,44.77,41.166,33.36,0.0,0.0,0.0,0.0,193.804,67.271,0.0,0.0,0.0,0.0,77.145,68.95,0.0,19.849,0.0,99.529,0.0,0.0,0.0,0.0,0.0,0.0,82.85,30.375,0.0,0.0,0.0,58.782,0.0,0.0,39.616,0.0,0.0,0.0,0.0,0.0,24.904,0.0,0.0,0.0,0.0,0.0,0.0,0.0,43.767,58.531,0.0,92.491,0.0,0.0,44.069
ch10total,3.237,3.217,3.22,0.0,0.0,3.254,4.467,0.0,0.0,0.0,3.237,3.219,0.0,5.489,4.25,3.22,0.0,4.054,7.141,0.0,5.488,3.387,0.0,0.0,0.0,8.267,0.0,0.0,3.254,0.0,0.0,0.0,0.0,0.0,3.767,5.504,3.22,3.304,0.0,0.0,0.0,0.0,3.237,3.22,0.0,0.0,0.0,0.0,4.188,5.467,0.0,43.59,0.0,9.494,0.0,0.0,0.0,0.0,0.0,0.0,4.805,3.253,0.0,0.0,0.0,3.419,0.0,0.0,4.103,0.0,0.0,0.0,0.0,0.0,5.471,0.0,0.0,0.0,0.0,0.0,0.0,0.0,3.9,5.472,0.0,16.666,0.0,0.0,3.954
ch11total,18.551,37.466,38.584,0.0,0.0,45.036,15.166,0.0,0.0,0.0,76.593,4.237,0.0,350.866,83.831,31.643,0.0,55.864,23.221,0.0,13.595,36.198,0.0,0.0,0.0,562.558,0.0,0.0,42.616,620.389,0.0,0.0,0.0,0.0,11.966,22.504,5.205,5.554,0.0,0.0,0.0,0.0,51.376,56.114,0.0,0.0,0.0,0.0,21.437,8.817,0.0,249.366,0.0,22.435,0.0,0.0,0.0,0.0,0.0,0.0,22.754,13.615,0.0,0.0,0.0,54.629,0.0,0.0,8.607,0.0,0.0,0.0,0.0,0.0,47.992,0.0,0.0,0.0,0.0,0.0,0.0,0.0,22.784,10.592,0.0,254.334,0.0,0.0,103.082
ch12total,149.904,70.766,219.19,0.0,0.0,375.583,175.147,0.0,0.0,0.0,1054.523,94.193,0.0,256.051,140.649,503.455,0.0,762.755,239.22,0.0,428.139,335.986,0.0,0.0,0.0,14.783,0.0,0.0,94.127,0.0,0.0,0.0,0.0,0.0,169.68,267.211,181.912,161.712,0.0,0.0,0.0,0.0,121.38,76.31,0.0,0.0,0.0,0.0,190.517,275.361,0.0,530.122,0.0,168.382,0.0,0.0,0.0,0.0,0.0,0.0,302.34,108.851,0.0,0.0,0.0,0.0,0.0,0.0,540.657,0.0,0.0,376.451,0.0,0.0,355.448,0.0,0.0,0.0,0.0,0.0,0.0,0.0,166.763,609.401,0.0,573.658,0.0,0.0,661.728
ch13total,98.51,129.864,306.673,0.0,0.0,579.372,172.297,0.0,0.0,0.0,2127.163,653.647,0.0,94.136,755.232,91.887,0.0,102.696,164.845,0.0,586.312,466.337,257.171,0.0,0.0,0.0,0.0,0.0,224.66,0.0,0.0,0.0,0.0,0.0,897.087,181.006,230.179,377.881,0.0,0.0,0.0,0.0,171.799,91.537,0.0,0.0,0.0,0.0,215.633,82.733,0.0,568.315,0.0,160.156,0.0,0.0,0.0,0.0,0.0,0.0,232.532,122.412,0.0,0.0,0.0,804.813,0.0,0.0,0.0,0.0,0.0,0.0,0.0,0.0,107.114,0.0,0.0,0.0,0.0,0.0,0.0,0.0,413.294,111.586,0.0,238.518,0.0,0.0,98.24
ch14total,86.351,169.796,612.219,0.0,0.0,400.221,467.992,0.0,0.0,0.0,0.0,556.475,0.0,1101.303,917.208,302.559,0.0,3568.88,643.202,0.0,122.445,161.496,0.0,0.0,0.0,0.0,0.0,0.0,339.849,0.0,0.0,613.954,0.0,0.0,775.071,174.756,654.654,1158.914,0.0,0.0,0.0,0.0,1022.446,773.367,0.0,5.937,8.654,0.0,268.702,319.843,0.0,0.0,0.0,228.018,0.0,0.0,357.134,0.0,0.0,0.0,443.634,669.379,522.183,0.0,0.0,535.793,0.0,0.0,0.0,0.0,0.0,0.0,0.0,0.0,155.378,0.0,0.0,0.0,0.0,2.27,0.0,0.0,1013.217,139.109,0.0,625.697,0.0,0.0,695.037
totalTime,2014.095,2099.099,4340.278,1483.084,2163.797,5240.723,2718.723,2221.278,501.953,4647.35,5218.768,2232.22,3797.973,3799.118,5182.719,1837.538,1132.892,7937.814,2624.134,2396.755,4303.301,3476.904,257.171,2657.007,2847.207,4176.536,1957.648,3484.78,2334.96,3439.33,2845.155,2762.869,2312.913,1861.995,3401.297,2515.556,2187.801,4218.933,2853.277,2148.612,1607.557,1777.956,3688.229,3305.645,2992.719,4150.261,1434.93,1678.524,3692.22,2834.239,3691.397,4052.676,7219.18,4095.335,3944.068,4237.311,1461.294,3484.591,3466.948,3793.905,3113.772,2321.956,1390.508,563.715,5041.985,4347.745,4516.2,2750.503,2538.345,4404.596,4549.771,2537.296,2142.765,2373.23,2938.42,2416.087,3105.874,4662.75,5030.144,2011.122,1079.913,2105.682,4761.375,7820.872,1326.364,5745.713,983.71,1789.307,3610.434
pretest Want to learn more about Biology,1.0,1.0,1.0,1.0,0.0,0.0,1.0,1.0,1.0,1.0,1.0,1.0,1.0,1.0,1.0,1.0,1.0,1.0,1.0,1.0,1.0,1.0,0.0,1.0,1.0,1.0,1.0,1.0,1.0,1.0,1.0,1.0,1.0,1.0,1.0,1.0,1.0,1.0,1.0,0.0,1.0,1.0,1.0,1.0,1.0,0.0,1.0,1.0,1.0,1.0,1.0,1.0,1.0,1.0,1.0,1.0,1.0,1.0,1.0,1.0,1.0,1.0,1.0,1.0,1.0,1.0,1.0,0.0,1.0,1.0,1.0,1.0,1.0,0.0,1.0,1.0,1.0,0.0,1.0,0.0,0.0,1.0,1.0,1.0,0.0,1.0,0.0,1.0,1.0
pretest Want to learn more about Synthetic biology,0.0,1.0,1.0,1.0,1.0,1.0,1.0,1.0,1.0,1.0,0.0,1.0,1.0,1.0,0.0,1.0,1.0,1.0,0.0,1.0,0.0,1.0,0.0,1.0,1.0,1.0,1.0,1.0,1.0,1.0,1.0,1.0,1.0,1.0,1.0,1.0,1.0,1.0,1.0,0.0,1.0,0.0,1.0,1.0,1.0,0.0,1.0,1.0,1.0,1.0,1.0,1.0,1.0,1.0,1.0,1.0,0.0,1.0,1.0,1.0,1.0,1.0,1.0,1.0,1.0,1.0,0.0,1.0,1.0,1.0,0.0,1.0,1.0,0.0,1.0,1.0,1.0,0.0,1.0,0.0,0.0,1.0,1.0,1.0,0.0,1.0,0.0,1.0,1.0
pretest Want to learn more about Video games,1.0,1.0,1.0,1.0,0.0,1.0,1.0,1.0,1.0,1.0,1.0,1.0,1.0,1.0,1.0,1.0,1.0,1.0,1.0,1.0,1.0,1.0,0.0,1.0,1.0,1.0,1.0,1.0,0.0,1.0,1.0,1.0,1.0,1.0,1.0,1.0,1.0,1.0,1.0,1.0,1.0,1.0,1.0,1.0,1.0,0.0,0.0,1.0,0.0,1.0,1.0,1.0,1.0,0.0,1.0,1.0,1.0,1.0,1.0,1.0,0.0,1.0,1.0,1.0,0.0,1.0,0.0,1.0,1.0,1.0,0.0,1.0,1.0,1.0,1.0,1.0,1.0,1.0,0.0,1.0,1.0,0.0,1.0,1.0,1.0,1.0,0.0,1.0,1.0
pretest Want to learn more about Engineering,1.0,1.0,1.0,1.0,1.0,0.0,1.0,1.0,0.0,1.0,0.0,1.0,1.0,1.0,1.0,1.0,1.0,1.0,1.0,1.0,1.0,1.0,0.0,1.0,1.0,1.0,1.0,1.0,1.0,1.0,1.0,1.0,1.0,1.0,1.0,1.0,1.0,1.0,1.0,0.0,1.0,1.0,1.0,1.0,1.0,0.0,1.0,1.0,1.0,1.0,0.0,1.0,1.0,1.0,1.0,1.0,1.0,1.0,1.0,1.0,0.0,1.0,1.0,1.0,1.0,1.0,1.0,1.0,1.0,1.0,1.0,1.0,1.0,0.0,1.0,1.0,1.0,1.0,1.0,0.0,0.0,0.0,1.0,1.0,1.0,1.0,0.0,1.0,1.0
pretest Played Hero.Coli,0.0,0.0,0.0,0.0,0.0,0.0,0.0,0.0,0.0,0.0,0.0,0.0,0.0,0.0,0.0,0.0,0.0,0.0,0.0,0.0,0.0,0.0,0.0,0.0,0.0,0.0,0.0,0.0,0.0,0.0,0.0,0.0,0.0,0.0,0.0,0.0,0.0,0.0,0.0,0.0,0.0,0.0,0.0,0.0,0.0,0.0,0.0,0.0,0.0,0.0,0.0,0.0,0.0,0.0,0.0,0.0,0.0,0.0,0.0,0.0,0.0,0.0,0.0,0.0,0.0,0.0,0.0,0.0,0.0,0.0,0.0,0.0,0.0,0.0,0.0,0.0,0.0,0.0,0.0,0.0,0.0,0.0,0.0,0.0,0.0,0.0,0.0,0.0,0.0
pretest Age,0.0,1.0,0.0,0.0,0.0,1.0,1.0,0.0,1.0,1.0,1.0,0.0,0.0,1.0,1.0,0.0,0.0,0.0,0.0,0.0,0.0,0.0,1.0,1.0,1.0,0.0,0.0,1.0,1.0,0.0,0.0,0.0,0.0,1.0,1.0,0.0,0.0,1.0,0.0,0.0,0.0,0.0,0.0,0.0,1.0,1.0,1.0,1.0,0.0,0.0,0.0,0.0,0.0,1.0,0.0,1.0,1.0,0.0,0.0,0.0,0.0,0.0,0.0,0.0,0.0,0.0,0.0,0.0,0.0,1.0,0.0,0.0,0.0,0.0,1.0,1.0,1.0,1.0,0.0,1.0,0.0,0.0,0.0,0.0,0.0,0.0,0.0,0.0,0.0
pretest Gender,0.0,0.0,0.0,0.0,1.0,1.0,0.0,0.0,0.0,0.0,0.0,0.0,1.0,0.0,0.0,0.0,1.0,0.0,0.0,1.0,0.0,0.0,1.0,0.0,1.0,0.0,0.0,0.0,0.0,0.0,1.0,0.0,1.0,1.0,0.0,0.0,0.0,0.0,0.0,0.0,1.0,0.0,0.0,0.0,0.0,0.0,0.0,1.0,0.0,0.0,0.0,0.0,0.0,1.0,0.0,1.0,0.0,0.0,1.0,0.0,0.0,0.0,0.0,1.0,1.0,1.0,1.0,1.0,0.0,1.0,0.0,0.0,0.0,0.0,0.0,0.0,1.0,0.0,0.0,0.0,0.0,1.0,0.0,0.0,1.0,0.0,0.0,0.0,0.0
pretest Interested in video games,1.0,1.0,1.0,1.0,0.0,1.0,1.0,1.0,1.0,1.0,1.0,1.0,1.0,1.0,1.0,1.0,1.0,1.0,1.0,0.0,1.0,0.0,0.0,0.0,0.0,1.0,1.0,1.0,1.0,1.0,0.0,1.0,0.0,1.0,1.0,1.0,1.0,1.0,1.0,0.0,1.0,1.0,1.0,1.0,1.0,1.0,1.0,1.0,0.0,1.0,1.0,1.0,1.0,1.0,1.0,0.0,1.0,1.0,0.0,0.0,1.0,1.0,1.0,0.0,1.0,1.0,0.0,1.0,1.0,1.0,0.0,1.0,1.0,1.0,1.0,1.0,1.0,1.0,0.0,1.0,1.0,0.0,1.0,1.0,0.0,1.0,0.0,1.0,1.0
pretest Interested in biology,1.0,1.0,1.0,1.0,1.0,0.0,1.0,1.0,1.0,1.0,0.0,1.0,1.0,1.0,0.0,1.0,1.0,1.0,1.0,1.0,1.0,1.0,0.0,1.0,1.0,1.0,1.0,1.0,1.0,1.0,0.0,1.0,1.0,1.0,1.0,1.0,1.0,1.0,0.0,1.0,0.0,1.0,1.0,1.0,1.0,0.0,1.0,1.0,1.0,1.0,1.0,1.0,1.0,0.0,1.0,0.0,0.0,0.0,0.0,1.0,1.0,1.0,1.0,0.0,1.0,1.0,1.0,0.0,0.0,1.0,1.0,1.0,0.0,0.0,1.0,1.0,1.0,0.0,1.0,0.0,0.0,1.0,1.0,1.0,1.0,0.0,0.0,1.0,1.0
pretest Studied biology,0.0,1.0,0.0,0.0,0.0,0.0,0.0,0.0,0.0,0.0,0.0,0.0,0.0,0.0,0.0,0.0,0.0,0.0,0.0,1.0,0.0,0.0,0.0,0.0,0.0,0.0,0.0,0.0,0.0,0.0,0.0,0.0,1.0,0.0,0.0,0.0,0.0,0.0,0.0,0.0,0.0,0.0,0.0,0.0,0.0,0.0,0.0,0.0,0.0,0.0,0.0,0.0,0.0,0.0,0.0,0.0,0.0,0.0,0.0,0.0,1.0,0.0,0.0,0.0,0.0,0.0,1.0,0.0,0.0,0.0,0.0,0.0,0.0,0.0,0.0,0.0,1.0,0.0,0.0,0.0,0.0,0.0,0.0,0.0,0.0,0.0,0.0,0.0,0.0
pretest Play video games,1.0,1.0,1.0,1.0,0.0,1.0,1.0,1.0,1.0,1.0,1.0,1.0,1.0,1.0,1.0,1.0,1.0,1.0,1.0,0.0,1.0,0.0,1.0,1.0,1.0,1.0,0.0,1.0,1.0,0.0,0.0,1.0,0.0,1.0,1.0,1.0,1.0,1.0,1.0,1.0,0.0,1.0,1.0,1.0,1.0,1.0,1.0,0.0,0.0,1.0,1.0,1.0,1.0,1.0,1.0,0.0,1.0,1.0,0.0,0.0,1.0,1.0,1.0,0.0,0.0,0.0,0.0,1.0,1.0,1.0,0.0,1.0,1.0,1.0,1.0,1.0,1.0,1.0,0.0,1.0,1.0,0.0,1.0,1.0,0.0,1.0,0.0,0.0,1.0
pretest Heard about Synthetic biology or BioBricks,0.0,0.0,0.0,0.0,0.0,0.0,0.0,0.0,0.0,0.0,0.0,0.0,0.0,0.0,0.0,0.0,0.0,0.0,0.0,0.0,0.0,0.0,0.0,0.0,0.0,0.0,0.0,0.0,0.0,0.0,0.0,0.0,0.0,0.0,0.0,0.0,0.0,0.0,0.0,0.0,0.0,0.0,0.0,0.0,0.0,0.0,0.0,0.0,0.0,0.0,0.0,0.0,0.0,0.0,0.0,0.0,0.0,0.0,0.0,0.0,0.0,0.0,0.0,0.0,0.0,0.0,0.0,0.0,0.0,0.0,0.0,0.0,0.0,0.0,0.0,0.0,0.0,0.0,0.0,0.0,0.0,0.0,0.0,0.0,0.0,0.0,0.0,0.0,0.0
pretest Volunteered to answer more questions,1.0,1.0,1.0,1.0,1.0,1.0,1.0,1.0,1.0,1.0,1.0,1.0,1.0,1.0,1.0,1.0,1.0,1.0,1.0,1.0,1.0,1.0,1.0,1.0,1.0,1.0,1.0,1.0,1.0,1.0,1.0,1.0,1.0,1.0,1.0,1.0,1.0,1.0,1.0,1.0,1.0,1.0,1.0,1.0,1.0,1.0,1.0,1.0,1.0,1.0,1.0,1.0,1.0,1.0,1.0,1.0,1.0,1.0,1.0,1.0,1.0,1.0,1.0,1.0,1.0,1.0,1.0,1.0,1.0,1.0,1.0,1.0,1.0,1.0,1.0,1.0,1.0,1.0,1.0,1.0,1.0,1.0,1.0,1.0,1.0,1.0,1.0,1.0,1.0
pretest Enjoyed playing,0.0,1.0,0.0,0.0,0.0,0.0,0.0,0.0,0.0,0.0,0.0,0.0,0.0,0.0,0.0,0.0,0.0,0.0,0.0,0.0,0.0,0.0,1.0,0.0,0.0,0.0,0.0,0.0,0.0,0.0,0.0,0.0,0.0,0.0,0.0,0.0,0.0,0.0,0.0,0.0,0.0,0.0,0.0,0.0,0.0,0.0,0.0,0.0,0.0,0.0,0.0,0.0,0.0,0.0,0.0,0.0,0.0,0.0,0.0,0.0,0.0,0.0,0.0,0.0,0.0,0.0,0.0,0.0,0.0,0.0,0.0,0.0,0.0,1.0,0.0,0.0,0.0,0.0,0.0,1.0,0.0,0.0,0.0,0.0,1.0,0.0,0.0,0.0,0.0
pretest Genotype and phenotype,1.0,0.0,0.0,0.0,0.0,0.0,0.0,1.0,0.0,0.0,1.0,0.0,0.0,0.0,1.0,1.0,0.0,0.0,0.0,1.0,0.0,0.0,0.0,0.0,1.0,0.0,0.0,0.0,0.0,0.0,0.0,0.0,0.0,1.0,1.0,1.0,0.0,1.0,0.0,0.0,0.0,0.0,1.0,0.0,0.0,0.0,1.0,0.0,1.0,0.0,1.0,0.0,1.0,0.0,0.0,0.0,0.0,1.0,0.0,0.0,1.0,0.0,0.0,0.0,0.0,0.0,1.0,0.0,0.0,1.0,1.0,0.0,0.0,0.0,0.0,1.0,1.0,0.0,0.0,0.0,0.0,1.0,1.0,0.0,0.0,0.0,0.0,1.0,0.0
pretest BioBricks and devices composition,0.0,0.0,0.0,0.0,0.0,0.0,0.0,0.0,0.0,0.0,0.0,0.0,0.0,0.0,0.0,0.0,1.0,0.0,0.0,0.0,0.0,0.0,0.0,0.0,0.0,0.0,0.0,0.0,0.0,0.0,0.0,0.0,0.0,1.0,0.0,0.0,0.0,1.0,0.0,0.0,0.0,0.0,1.0,0.0,0.0,0.0,0.0,0.0,0.0,0.0,0.0,0.0,0.0,0.0,0.0,0.0,0.0,0.0,0.0,0.0,0.0,0.0,0.0,0.0,0.0,0.0,1.0,0.0,0.0,0.0,0.0,0.0,0.0,0.0,0.0,1.0,0.0,0.0,0.0,1.0,0.0,0.0,1.0,0.0,0.0,0.0,0.0,1.0,0.0
pretest Ampicillin antibiotic,1.0,1.0,0.0,0.0,1.0,0.0,0.0,0.0,0.0,0.0,0.0,1.0,0.0,0.0,1.0,0.0,1.0,0.0,0.0,1.0,0.0,0.0,1.0,0.0,0.0,0.0,0.0,0.0,0.0,0.0,0.0,0.0,1.0,1.0,0.0,0.0,0.0,0.0,0.0,0.0,0.0,0.0,1.0,0.0,0.0,0.0,0.0,0.0,1.0,1.0,0.0,0.0,1.0,0.0,0.0,0.0,0.0,0.0,0.0,0.0,1.0,1.0,0.0,0.0,0.0,1.0,0.0,0.0,0.0,1.0,0.0,0.0,0.0,0.0,0.0,1.0,0.0,0.0,1.0,0.0,0.0,1.0,1.0,0.0,1.0,0.0,0.0,1.0,0.0
pretest Name: Plasmid,0.0,0.0,0.0,0.0,0.0,0.0,0.0,0.0,0.0,0.0,0.0,0.0,0.0,0.0,0.0,0.0,0.0,0.0,0.0,0.0,0.0,0.0,0.0,0.0,0.0,0.0,0.0,0.0,0.0,0.0,0.0,0.0,0.0,0.0,0.0,0.0,0.0,0.0,0.0,0.0,0.0,0.0,0.0,0.0,0.0,0.0,0.0,0.0,1.0,0.0,0.0,0.0,0.0,0.0,0.0,0.0,0.0,0.0,0.0,0.0,0.0,0.0,0.0,0.0,0.0,0.0,0.0,0.0,0.0,0.0,0.0,0.0,0.0,0.0,0.0,0.0,0.0,0.0,0.0,0.0,0.0,0.0,0.0,0.0,0.0,0.0,0.0,0.0,0.0
pretest Function: TER,0.0,0.0,0.0,0.0,0.0,0.0,0.0,0.0,0.0,0.0,0.0,0.0,0.0,0.0,0.0,0.0,0.0,0.0,0.0,1.0,0.0,0.0,0.0,0.0,0.0,0.0,0.0,0.0,0.0,0.0,0.0,0.0,0.0,0.0,0.0,0.0,0.0,0.0,0.0,0.0,0.0,0.0,0.0,0.0,0.0,0.0,0.0,0.0,0.0,0.0,0.0,0.0,0.0,0.0,0.0,0.0,0.0,0.0,0.0,0.0,0.0,0.0,0.0,0.0,0.0,0.0,0.0,1.0,0.0,0.0,0.0,0.0,0.0,0.0,0.0,0.0,0.0,0.0,0.0,0.0,0.0,0.0,0.0,0.0,0.0,0.0,0.0,0.0,0.0
pretest Name: PR,0.0,0.0,0.0,0.0,0.0,0.0,0.0,0.0,0.0,0.0,0.0,0.0,0.0,0.0,0.0,0.0,0.0,0.0,0.0,1.0,0.0,0.0,0.0,0.0,0.0,0.0,0.0,0.0,0.0,0.0,0.0,1.0,0.0,0.0,0.0,0.0,0.0,0.0,0.0,0.0,0.0,0.0,0.0,0.0,0.0,0.0,0.0,0.0,0.0,0.0,0.0,0.0,0.0,0.0,0.0,0.0,0.0,0.0,0.0,0.0,0.0,0.0,0.0,0.0,0.0,0.0,0.0,1.0,0.0,0.0,0.0,0.0,0.0,0.0,0.0,0.0,0.0,0.0,0.0,0.0,0.0,0.0,1.0,0.0,0.0,0.0,0.0,0.0,0.0
pretest Function - game: CDS,0.0,0.0,0.0,0.0,0.0,0.0,0.0,0.0,0.0,0.0,0.0,0.0,0.0,0.0,0.0,0.0,0.0,0.0,0.0,0.0,0.0,0.0,0.0,0.0,0.0,0.0,0.0,0.0,0.0,0.0,0.0,0.0,0.0,0.0,0.0,0.0,0.0,0.0,0.0,0.0,0.0,1.0,0.0,0.0,0.0,0.0,0.0,0.0,0.0,0.0,0.0,0.0,0.0,0.0,0.0,0.0,0.0,0.0,0.0,0.0,0.0,0.0,0.0,0.0,0.0,0.0,0.0,0.0,0.0,0.0,0.0,0.0,0.0,0.0,0.0,0.0,0.0,0.0,0.0,0.0,0.0,0.0,0.0,0.0,0.0,0.0,0.0,0.0,0.0
pretest Name: TER,0.0,0.0,0.0,0.0,1.0,0.0,1.0,0.0,0.0,0.0,0.0,1.0,0.0,0.0,0.0,0.0,0.0,0.0,0.0,1.0,0.0,0.0,0.0,0.0,1.0,0.0,0.0,0.0,0.0,0.0,0.0,0.0,0.0,0.0,0.0,0.0,1.0,0.0,0.0,0.0,0.0,0.0,0.0,0.0,0.0,0.0,1.0,0.0,0.0,0.0,0.0,0.0,0.0,0.0,0.0,0.0,0.0,0.0,0.0,0.0,0.0,0.0,0.0,0.0,0.0,0.0,0.0,0.0,0.0,0.0,0.0,0.0,1.0,0.0,1.0,0.0,0.0,0.0,0.0,0.0,0.0,0.0,1.0,0.0,0.0,0.0,0.0,0.0,0.0
pretest Function - biology: CDS,0.0,0.0,0.0,0.0,0.0,0.0,0.0,0.0,0.0,0.0,0.0,0.0,0.0,0.0,0.0,0.0,0.0,0.0,0.0,1.0,0.0,0.0,0.0,0.0,0.0,0.0,0.0,0.0,0.0,0.0,0.0,0.0,0.0,0.0,0.0,0.0,1.0,0.0,0.0,0.0,0.0,0.0,0.0,0.0,0.0,0.0,0.0,0.0,1.0,0.0,0.0,0.0,0.0,0.0,0.0,0.0,0.0,0.0,0.0,0.0,0.0,0.0,0.0,0.0,0.0,0.0,0.0,0.0,0.0,0.0,0.0,0.0,0.0,0.0,0.0,0.0,0.0,0.0,0.0,0.0,0.0,0.0,0.0,0.0,0.0,0.0,0.0,0.0,0.0
pretest Name: RBS,0.0,0.0,0.0,0.0,0.0,0.0,0.0,0.0,0.0,0.0,0.0,0.0,0.0,0.0,0.0,0.0,0.0,0.0,0.0,0.0,0.0,0.0,0.0,0.0,0.0,0.0,0.0,0.0,0.0,0.0,0.0,0.0,0.0,0.0,0.0,0.0,0.0,0.0,0.0,0.0,0.0,0.0,0.0,0.0,0.0,0.0,0.0,0.0,0.0,0.0,0.0,0.0,0.0,0.0,0.0,0.0,0.0,0.0,0.0,0.0,0.0,0.0,0.0,0.0,0.0,0.0,0.0,0.0,0.0,0.0,0.0,0.0,0.0,0.0,0.0,0.0,0.0,0.0,0.0,0.0,0.0,0.0,0.0,0.0,0.0,0.0,0.0,0.0,0.0
pretest Example: CDS,0.0,0.0,0.0,0.0,0.0,0.0,0.0,0.0,0.0,0.0,0.0,0.0,0.0,0.0,0.0,0.0,0.0,0.0,0.0,0.0,0.0,0.0,0.0,0.0,0.0,0.0,0.0,0.0,0.0,0.0,0.0,0.0,0.0,0.0,0.0,0.0,0.0,0.0,0.0,0.0,0.0,0.0,0.0,0.0,0.0,0.0,0.0,0.0,0.0,0.0,0.0,0.0,0.0,0.0,0.0,0.0,0.0,0.0,0.0,0.0,0.0,0.0,0.0,0.0,0.0,0.0,0.0,0.0,0.0,0.0,0.0,0.0,0.0,0.0,0.0,0.0,0.0,0.0,0.0,0.0,0.0,0.0,0.0,0.0,0.0,0.0,0.0,0.0,0.0
pretest Name: CDS,0.0,0.0,0.0,0.0,0.0,0.0,1.0,0.0,0.0,0.0,0.0,0.0,0.0,0.0,0.0,0.0,0.0,0.0,0.0,1.0,0.0,0.0,0.0,1.0,0.0,0.0,0.0,0.0,0.0,0.0,0.0,0.0,0.0,0.0,0.0,0.0,1.0,0.0,0.0,0.0,0.0,0.0,0.0,0.0,0.0,0.0,0.0,0.0,0.0,0.0,0.0,0.0,0.0,0.0,0.0,0.0,0.0,0.0,0.0,0.0,0.0,0.0,0.0,0.0,0.0,0.0,0.0,0.0,0.0,0.0,0.0,0.0,0.0,0.0,0.0,0.0,0.0,0.0,0.0,0.0,0.0,0.0,1.0,0.0,0.0,1.0,0.0,0.0,0.0
pretest Function: PR,0.0,0.0,0.0,0.0,0.0,0.0,0.0,0.0,0.0,0.0,0.0,0.0,0.0,0.0,0.0,0.0,0.0,0.0,0.0,0.0,0.0,0.0,0.0,0.0,0.0,0.0,0.0,0.0,0.0,0.0,0.0,0.0,0.0,0.0,0.0,0.0,0.0,0.0,0.0,0.0,0.0,0.0,0.0,0.0,0.0,0.0,0.0,0.0,0.0,0.0,0.0,0.0,0.0,0.0,0.0,0.0,0.0,0.0,0.0,0.0,0.0,0.0,0.0,0.0,0.0,0.0,0.0,0.0,0.0,0.0,0.0,0.0,0.0,0.0,0.0,0.0,0.0,0.0,0.0,0.0,0.0,0.0,0.0,0.0,0.0,0.0,0.0,0.0,0.0
pretest Function: RBS,0.0,0.0,0.0,0.0,0.0,0.0,1.0,0.0,0.0,0.0,0.0,1.0,0.0,0.0,0.0,0.0,0.0,0.0,0.0,0.0,0.0,0.0,0.0,0.0,0.0,0.0,0.0,0.0,0.0,0.0,0.0,0.0,0.0,0.0,0.0,0.0,0.0,0.0,0.0,0.0,0.0,0.0,0.0,0.0,0.0,0.0,1.0,0.0,0.0,0.0,0.0,0.0,0.0,0.0,0.0,1.0,0.0,0.0,0.0,0.0,0.0,0.0,0.0,0.0,0.0,0.0,0.0,0.0,1.0,0.0,0.0,0.0,0.0,0.0,0.0,0.0,0.0,1.0,0.0,1.0,0.0,0.0,0.0,0.0,0.0,0.0,0.0,0.0,0.0
pretest Function: Plasmid,0.0,0.0,0.0,0.0,0.0,0.0,0.0,0.0,0.0,0.0,0.0,0.0,0.0,0.0,0.0,0.0,0.0,0.0,0.0,0.0,0.0,0.0,0.0,0.0,0.0,0.0,0.0,0.0,0.0,0.0,0.0,0.0,0.0,0.0,0.0,0.0,0.0,0.0,0.0,0.0,0.0,0.0,0.0,0.0,0.0,0.0,0.0,0.0,0.0,0.0,0.0,0.0,0.0,0.0,0.0,0.0,0.0,0.0,0.0,0.0,0.0,0.0,0.0,0.0,0.0,0.0,0.0,0.0,0.0,0.0,0.0,0.0,0.0,0.0,0.0,0.0,0.0,0.0,0.0,0.0,0.0,0.0,0.0,0.0,0.0,0.0,0.0,0.0,0.0
pretest Name: Operator XXX,0.0,0.0,0.0,0.0,0.0,0.0,0.0,0.0,0.0,0.0,0.0,0.0,0.0,0.0,0.0,0.0,0.0,0.0,0.0,0.0,0.0,0.0,0.0,0.0,0.0,0.0,0.0,0.0,0.0,0.0,0.0,0.0,0.0,0.0,0.0,0.0,0.0,0.0,0.0,0.0,0.0,0.0,0.0,0.0,0.0,0.0,0.0,0.0,0.0,0.0,0.0,0.0,0.0,0.0,0.0,0.0,0.0,0.0,0.0,0.0,0.0,0.0,0.0,0.0,0.0,0.0,0.0,0.0,0.0,0.0,0.0,0.0,0.0,0.0,0.0,0.0,0.0,0.0,0.0,0.0,0.0,0.0,0.0,0.0,0.0,0.0,0.0,0.0,0.0
pretest Device: RBS:PCONS:FLHDC:TER XXX,0.0,0.0,0.0,0.0,0.0,0.0,0.0,0.0,0.0,0.0,0.0,0.0,0.0,0.0,0.0,0.0,0.0,0.0,0.0,0.0,0.0,0.0,0.0,0.0,0.0,0.0,0.0,0.0,0.0,0.0,0.0,0.0,0.0,0.0,0.0,0.0,0.0,0.0,0.0,0.0,0.0,0.0,0.0,0.0,0.0,0.0,1.0,0.0,0.0,0.0,1.0,0.0,0.0,0.0,0.0,0.0,0.0,0.0,0.0,0.0,0.0,0.0,0.0,0.0,0.0,0.0,0.0,1.0,0.0,0.0,0.0,0.0,0.0,0.0,0.0,0.0,0.0,0.0,0.0,1.0,0.0,0.0,0.0,0.0,0.0,0.0,0.0,0.0,0.0
pretest Device: PCONS:RBS:FLHDC:TER,0.0,0.0,0.0,0.0,0.0,0.0,0.0,0.0,0.0,0.0,0.0,0.0,0.0,0.0,0.0,0.0,0.0,0.0,0.0,0.0,0.0,0.0,0.0,0.0,0.0,0.0,0.0,0.0,0.0,0.0,0.0,0.0,0.0,0.0,0.0,0.0,0.0,0.0,0.0,0.0,0.0,0.0,0.0,0.0,0.0,0.0,0.0,0.0,0.0,0.0,0.0,0.0,0.0,0.0,0.0,0.0,0.0,0.0,0.0,0.0,0.0,0.0,0.0,0.0,0.0,0.0,0.0,0.0,0.0,0.0,0.0,0.0,0.0,0.0,0.0,0.0,0.0,0.0,0.0,0.0,0.0,0.0,0.0,0.0,0.0,0.0,0.0,0.0,0.0
pretest Device: PBAD:RBS:GFP:TER,0.0,0.0,0.0,0.0,0.0,0.0,0.0,0.0,0.0,0.0,0.0,0.0,0.0,0.0,0.0,0.0,0.0,0.0,0.0,0.0,0.0,0.0,0.0,0.0,0.0,0.0,0.0,0.0,0.0,0.0,0.0,0.0,0.0,0.0,0.0,0.0,0.0,0.0,0.0,0.0,0.0,0.0,0.0,0.0,0.0,0.0,0.0,0.0,0.0,0.0,1.0,0.0,0.0,0.0,1.0,0.0,0.0,0.0,0.0,0.0,0.0,0.0,0.0,0.0,0.0,0.0,0.0,0.0,0.0,0.0,0.0,0.0,0.0,0.0,0.0,0.0,0.0,0.0,0.0,0.0,0.0,0.0,0.0,0.0,0.0,0.0,0.0,0.0,0.0
pretest Device: PBAD:GFP:RBS:TER XXX,0.0,0.0,0.0,0.0,0.0,0.0,0.0,0.0,0.0,0.0,0.0,0.0,0.0,0.0,0.0,0.0,0.0,0.0,0.0,0.0,0.0,0.0,0.0,0.0,0.0,0.0,0.0,0.0,0.0,0.0,0.0,0.0,0.0,0.0,0.0,0.0,0.0,0.0,0.0,0.0,0.0,0.0,0.0,0.0,0.0,0.0,0.0,0.0,0.0,0.0,0.0,0.0,0.0,0.0,0.0,0.0,0.0,0.0,0.0,0.0,0.0,0.0,0.0,0.0,0.0,0.0,0.0,0.0,0.0,0.0,0.0,0.0,0.0,0.0,0.0,0.0,0.0,0.0,0.0,0.0,0.0,0.0,0.0,0.0,0.0,0.0,0.0,0.0,0.0
pretest Device: GFP:RBS:PCONS:TER XXX,0.0,0.0,0.0,0.0,0.0,0.0,0.0,0.0,0.0,0.0,0.0,0.0,0.0,0.0,0.0,0.0,0.0,0.0,0.0,0.0,0.0,0.0,0.0,0.0,0.0,0.0,0.0,0.0,0.0,0.0,0.0,0.0,0.0,0.0,0.0,0.0,0.0,0.0,0.0,0.0,0.0,0.0,0.0,0.0,0.0,0.0,0.0,0.0,0.0,0.0,0.0,0.0,0.0,0.0,0.0,0.0,0.0,0.0,0.0,0.0,0.0,0.0,0.0,0.0,0.0,0.0,0.0,0.0,0.0,0.0,0.0,0.0,0.0,0.0,0.0,0.0,0.0,0.0,0.0,0.0,0.0,0.0,0.0,0.0,0.0,0.0,0.0,0.0,0.0
pretest Device: PCONS:GFP:RBS:TER XXX,0.0,0.0,0.0,0.0,0.0,0.0,0.0,0.0,0.0,0.0,0.0,0.0,0.0,0.0,0.0,0.0,0.0,0.0,0.0,0.0,0.0,0.0,0.0,0.0,0.0,0.0,0.0,0.0,0.0,0.0,0.0,0.0,0.0,0.0,0.0,0.0,0.0,0.0,0.0,1.0,0.0,0.0,0.0,0.0,0.0,0.0,0.0,0.0,0.0,0.0,0.0,0.0,0.0,0.0,0.0,0.0,0.0,0.0,0.0,0.0,0.0,0.0,0.0,0.0,0.0,0.0,0.0,1.0,0.0,0.0,0.0,0.0,0.0,0.0,0.0,0.0,0.0,0.0,0.0,0.0,0.0,0.0,0.0,0.0,0.0,0.0,0.0,0.0,0.0
pretest Device: AMPR:RBS:PCONS:TER XXX,0.0,0.0,0.0,0.0,0.0,0.0,0.0,0.0,0.0,0.0,0.0,0.0,0.0,0.0,0.0,0.0,0.0,0.0,0.0,0.0,0.0,0.0,0.0,0.0,0.0,0.0,0.0,0.0,0.0,0.0,0.0,0.0,0.0,0.0,0.0,0.0,0.0,0.0,0.0,1.0,0.0,0.0,0.0,0.0,0.0,0.0,0.0,0.0,0.0,0.0,0.0,0.0,0.0,0.0,0.0,0.0,0.0,0.0,0.0,0.0,0.0,0.0,0.0,0.0,0.0,0.0,0.0,0.0,0.0,0.0,0.0,0.0,0.0,0.0,0.0,0.0,0.0,0.0,0.0,0.0,0.0,0.0,0.0,0.0,0.0,0.0,0.0,0.0,0.0
pretest Device: RBS:PCONS:AMPR:TER XXX,0.0,0.0,0.0,0.0,0.0,0.0,0.0,0.0,0.0,0.0,0.0,0.0,0.0,0.0,0.0,0.0,0.0,0.0,0.0,0.0,0.0,0.0,0.0,0.0,0.0,0.0,0.0,0.0,0.0,0.0,0.0,0.0,0.0,0.0,0.0,0.0,0.0,0.0,0.0,0.0,0.0,0.0,0.0,0.0,0.0,0.0,0.0,0.0,0.0,0.0,0.0,0.0,0.0,0.0,0.0,0.0,0.0,0.0,0.0,0.0,0.0,0.0,0.0,0.0,0.0,0.0,0.0,0.0,0.0,0.0,0.0,0.0,0.0,0.0,0.0,0.0,0.0,0.0,0.0,0.0,0.0,0.0,0.0,0.0,0.0,0.0,0.0,0.0,0.0
pretest Green fluorescence,0.0,0.0,0.0,0.0,1.0,0.0,0.0,0.0,0.0,0.0,0.0,0.0,0.0,0.0,0.0,0.0,1.0,0.0,0.0,0.0,0.0,0.0,0.0,0.0,0.0,0.0,1.0,0.0,0.0,0.0,0.0,0.0,0.0,0.0,0.0,0.0,0.0,0.0,0.0,0.0,0.0,0.0,0.0,0.0,0.0,0.0,1.0,0.0,0.0,0.0,0.0,0.0,0.0,0.0,0.0,0.0,0.0,0.0,0.0,0.0,0.0,0.0,0.0,1.0,0.0,0.0,0.0,1.0,0.0,0.0,0.0,0.0,0.0,0.0,0.0,1.0,0.0,0.0,0.0,0.0,0.0,0.0,0.0,0.0,0.0,0.0,0.0,0.0,0.0
pretest Unequip the movement device: effect,0.0,0.0,0.0,0.0,0.0,0.0,1.0,0.0,0.0,0.0,0.0,0.0,0.0,0.0,0.0,1.0,1.0,0.0,0.0,0.0,0.0,0.0,0.0,1.0,0.0,0.0,0.0,0.0,0.0,0.0,0.0,0.0,0.0,1.0,0.0,0.0,0.0,0.0,0.0,0.0,0.0,0.0,0.0,0.0,0.0,0.0,1.0,0.0,0.0,0.0,0.0,0.0,0.0,0.0,0.0,0.0,0.0,0.0,0.0,0.0,1.0,0.0,0.0,0.0,0.0,0.0,0.0,1.0,0.0,0.0,0.0,0.0,0.0,0.0,0.0,0.0,0.0,0.0,0.0,0.0,0.0,0.0,0.0,0.0,0.0,0.0,0.0,0.0,0.0
pretest Device: PBAD:RBS:ARA:TER,0.0,0.0,0.0,0.0,0.0,0.0,0.0,0.0,0.0,0.0,0.0,0.0,0.0,0.0,0.0,0.0,0.0,0.0,0.0,1.0,0.0,0.0,0.0,0.0,0.0,0.0,0.0,0.0,0.0,0.0,0.0,0.0,0.0,1.0,0.0,0.0,0.0,0.0,0.0,0.0,0.0,0.0,0.0,0.0,0.0,0.0,0.0,0.0,1.0,0.0,0.0,0.0,0.0,0.0,0.0,0.0,0.0,0.0,0.0,0.0,0.0,0.0,0.0,0.0,0.0,0.0,1.0,0.0,0.0,0.0,0.0,0.0,0.0,0.0,0.0,0.0,0.0,0.0,0.0,0.0,0.0,0.0,0.0,0.0,0.0,0.0,0.0,0.0,0.0
pretest Language,1.0,1.0,0.0,0.0,1.0,1.0,1.0,0.0,0.0,0.0,0.0,0.0,0.0,0.0,0.0,0.0,0.0,0.0,0.0,0.0,0.0,0.0,0.0,0.0,0.0,0.0,0.0,0.0,0.0,0.0,0.0,0.0,0.0,0.0,0.0,0.0,0.0,0.0,0.0,0.0,0.0,0.0,0.0,0.0,0.0,0.0,0.0,0.0,0.0,0.0,0.0,0.0,0.0,0.0,0.0,0.0,0.0,0.0,0.0,0.0,0.0,0.0,0.0,0.0,0.0,0.0,0.0,0.0,0.0,0.0,0.0,0.0,0.0,0.0,0.0,0.0,0.0,0.0,0.0,0.0,0.0,0.0,0.0,0.0,0.0,0.0,0.0,0.0,0.0
pretest Temporality,0.0,0.0,0.0,0.0,0.0,0.0,0.0,0.0,0.0,0.0,0.0,0.0,0.0,0.0,0.0,0.0,0.0,0.0,0.0,0.0,0.0,0.0,0.0,0.0,0.0,0.0,0.0,0.0,0.0,0.0,0.0,0.0,0.0,0.0,0.0,0.0,0.0,0.0,0.0,0.0,0.0,0.0,0.0,0.0,0.0,0.0,0.0,0.0,0.0,0.0,0.0,0.0,0.0,0.0,0.0,0.0,0.0,0.0,0.0,0.0,0.0,0.0,0.0,0.0,0.0,0.0,0.0,0.0,0.0,0.0,0.0,0.0,0.0,0.0,0.0,0.0,0.0,0.0,0.0,0.0,0.0,0.0,0.0,0.0,0.0,0.0,0.0,0.0,0.0
posttest Want to learn more about Biology,1.0,1.0,1.0,1.0,0.0,1.0,1.0,1.0,1.0,1.0,0.0,1.0,1.0,1.0,1.0,1.0,1.0,1.0,1.0,1.0,1.0,1.0,1.0,1.0,1.0,1.0,0.0,1.0,1.0,1.0,0.0,1.0,1.0,1.0,1.0,1.0,1.0,1.0,0.0,1.0,1.0,1.0,1.0,1.0,1.0,0.0,1.0,1.0,1.0,1.0,1.0,1.0,1.0,1.0,1.0,1.0,0.0,1.0,1.0,1.0,1.0,1.0,1.0,0.0,1.0,1.0,1.0,1.0,1.0,1.0,0.0,1.0,1.0,0.0,1.0,1.0,1.0,0.0,1.0,0.0,0.0,1.0,1.0,1.0,0.0,1.0,0.0,1.0,1.0
posttest Want to learn more about Synthetic biology,0.0,1.0,1.0,1.0,1.0,1.0,1.0,1.0,1.0,1.0,0.0,1.0,1.0,1.0,1.0,1.0,1.0,1.0,1.0,1.0,0.0,1.0,1.0,1.0,1.0,1.0,0.0,1.0,1.0,1.0,0.0,1.0,1.0,1.0,1.0,1.0,1.0,1.0,0.0,0.0,1.0,1.0,1.0,1.0,1.0,0.0,0.0,1.0,1.0,1.0,1.0,1.0,0.0,1.0,1.0,1.0,0.0,1.0,0.0,1.0,1.0,1.0,1.0,0.0,1.0,1.0,0.0,0.0,1.0,1.0,0.0,1.0,0.0,0.0,1.0,1.0,1.0,0.0,1.0,1.0,0.0,1.0,1.0,1.0,1.0,1.0,0.0,1.0,1.0
posttest Want to learn more about Video games,1.0,1.0,1.0,1.0,0.0,1.0,1.0,1.0,1.0,1.0,1.0,1.0,1.0,1.0,1.0,1.0,1.0,1.0,1.0,1.0,1.0,1.0,1.0,0.0,1.0,1.0,1.0,1.0,1.0,1.0,1.0,1.0,0.0,1.0,1.0,1.0,1.0,1.0,1.0,1.0,1.0,1.0,1.0,1.0,1.0,0.0,0.0,1.0,0.0,1.0,1.0,1.0,1.0,0.0,1.0,1.0,1.0,1.0,0.0,0.0,1.0,1.0,1.0,1.0,0.0,1.0,0.0,1.0,1.0,1.0,0.0,1.0,1.0,1.0,1.0,1.0,1.0,1.0,0.0,1.0,0.0,0.0,1.0,1.0,0.0,1.0,1.0,0.0,1.0
posttest Want to learn more about Engineering,1.0,1.0,1.0,1.0,1.0,0.0,1.0,1.0,1.0,1.0,0.0,1.0,1.0,1.0,1.0,1.0,1.0,1.0,1.0,1.0,1.0,1.0,1.0,1.0,0.0,1.0,1.0,1.0,0.0,1.0,1.0,1.0,0.0,1.0,1.0,1.0,1.0,1.0,1.0,1.0,1.0,0.0,1.0,1.0,1.0,0.0,1.0,1.0,1.0,1.0,0.0,1.0,1.0,1.0,1.0,1.0,1.0,0.0,0.0,0.0,1.0,1.0,1.0,1.0,0.0,1.0,0.0,0.0,1.0,1.0,1.0,1.0,1.0,0.0,1.0,1.0,1.0,1.0,1.0,0.0,0.0,0.0,1.0,1.0,0.0,1.0,0.0,1.0,1.0
posttest Played Hero.Coli,1.0,1.0,1.0,1.0,1.0,1.0,1.0,1.0,1.0,1.0,1.0,1.0,1.0,1.0,1.0,1.0,1.0,1.0,1.0,1.0,1.0,1.0,1.0,1.0,1.0,1.0,1.0,1.0,1.0,1.0,1.0,1.0,1.0,1.0,1.0,1.0,1.0,1.0,1.0,1.0,1.0,1.0,1.0,1.0,1.0,1.0,1.0,1.0,1.0,1.0,1.0,1.0,1.0,1.0,1.0,1.0,1.0,1.0,1.0,1.0,1.0,1.0,1.0,1.0,1.0,1.0,1.0,1.0,1.0,1.0,1.0,1.0,1.0,1.0,1.0,1.0,1.0,1.0,1.0,1.0,1.0,1.0,1.0,1.0,1.0,1.0,1.0,1.0,1.0
posttest Age,0.0,1.0,0.0,0.0,0.0,1.0,1.0,0.0,1.0,1.0,1.0,0.0,0.0,1.0,1.0,0.0,0.0,0.0,0.0,0.0,0.0,0.0,1.0,1.0,1.0,0.0,0.0,1.0,1.0,0.0,0.0,0.0,0.0,1.0,1.0,0.0,0.0,1.0,0.0,0.0,0.0,0.0,0.0,0.0,1.0,1.0,1.0,1.0,0.0,0.0,0.0,0.0,0.0,1.0,0.0,1.0,1.0,0.0,0.0,0.0,0.0,0.0,0.0,0.0,0.0,0.0,0.0,0.0,0.0,1.0,0.0,0.0,0.0,0.0,1.0,1.0,1.0,1.0,0.0,1.0,0.0,0.0,0.0,0.0,0.0,0.0,0.0,0.0,0.0
posttest Gender,0.0,0.0,0.0,0.0,1.0,1.0,0.0,0.0,0.0,0.0,0.0,0.0,1.0,0.0,0.0,0.0,1.0,0.0,0.0,1.0,0.0,0.0,1.0,0.0,1.0,0.0,0.0,0.0,0.0,0.0,1.0,0.0,1.0,1.0,0.0,0.0,0.0,0.0,0.0,0.0,1.0,0.0,0.0,0.0,0.0,0.0,0.0,1.0,0.0,0.0,0.0,0.0,0.0,1.0,0.0,1.0,0.0,0.0,1.0,0.0,0.0,0.0,0.0,1.0,1.0,1.0,1.0,1.0,0.0,1.0,0.0,0.0,0.0,0.0,0.0,0.0,1.0,0.0,0.0,0.0,0.0,1.0,0.0,0.0,1.0,0.0,0.0,0.0,0.0
posttest Interested in video games,1.0,1.0,1.0,1.0,0.0,1.0,1.0,1.0,1.0,1.0,1.0,1.0,1.0,1.0,1.0,1.0,1.0,1.0,1.0,0.0,1.0,0.0,0.0,0.0,0.0,1.0,1.0,1.0,1.0,1.0,0.0,1.0,0.0,1.0,1.0,1.0,1.0,1.0,1.0,0.0,1.0,1.0,1.0,1.0,1.0,1.0,1.0,1.0,0.0,1.0,1.0,1.0,1.0,1.0,1.0,0.0,1.0,1.0,0.0,0.0,1.0,1.0,1.0,0.0,1.0,1.0,0.0,1.0,1.0,1.0,0.0,1.0,1.0,1.0,1.0,1.0,1.0,1.0,0.0,1.0,1.0,0.0,1.0,1.0,0.0,1.0,0.0,1.0,1.0
posttest Interested in biology,1.0,1.0,1.0,1.0,1.0,0.0,1.0,1.0,1.0,1.0,0.0,1.0,1.0,1.0,0.0,1.0,1.0,1.0,1.0,1.0,1.0,1.0,0.0,1.0,1.0,1.0,1.0,1.0,1.0,1.0,0.0,1.0,1.0,1.0,1.0,1.0,1.0,1.0,0.0,1.0,0.0,1.0,1.0,1.0,1.0,0.0,1.0,1.0,1.0,1.0,1.0,1.0,1.0,0.0,1.0,0.0,0.0,0.0,0.0,1.0,1.0,1.0,1.0,0.0,1.0,1.0,1.0,0.0,0.0,1.0,1.0,1.0,0.0,0.0,1.0,1.0,1.0,0.0,1.0,0.0,0.0,1.0,1.0,1.0,1.0,0.0,0.0,1.0,1.0
posttest Studied biology,0.0,1.0,0.0,0.0,0.0,0.0,0.0,0.0,0.0,0.0,0.0,0.0,0.0,0.0,0.0,0.0,0.0,0.0,0.0,1.0,0.0,0.0,0.0,0.0,0.0,0.0,0.0,0.0,0.0,0.0,0.0,0.0,1.0,0.0,0.0,0.0,0.0,0.0,0.0,0.0,0.0,0.0,0.0,0.0,0.0,0.0,0.0,0.0,0.0,0.0,0.0,0.0,0.0,0.0,0.0,0.0,0.0,0.0,0.0,0.0,1.0,0.0,0.0,0.0,0.0,0.0,1.0,0.0,0.0,0.0,0.0,0.0,0.0,0.0,0.0,0.0,1.0,0.0,0.0,0.0,0.0,0.0,0.0,0.0,0.0,0.0,0.0,0.0,0.0
posttest Play video games,1.0,1.0,1.0,1.0,0.0,1.0,1.0,1.0,1.0,1.0,1.0,1.0,1.0,1.0,1.0,1.0,1.0,1.0,1.0,0.0,1.0,0.0,1.0,1.0,1.0,1.0,0.0,1.0,1.0,0.0,0.0,1.0,0.0,1.0,1.0,1.0,1.0,1.0,1.0,1.0,0.0,1.0,1.0,1.0,1.0,1.0,1.0,0.0,0.0,1.0,1.0,1.0,1.0,1.0,1.0,0.0,1.0,1.0,0.0,0.0,1.0,1.0,1.0,0.0,0.0,0.0,0.0,1.0,1.0,1.0,0.0,1.0,1.0,1.0,1.0,1.0,1.0,1.0,0.0,1.0,1.0,0.0,1.0,1.0,0.0,1.0,0.0,0.0,1.0
posttest Heard about Synthetic biology or BioBricks,0.0,0.0,0.0,0.0,0.0,0.0,0.0,0.0,0.0,0.0,0.0,0.0,0.0,0.0,0.0,0.0,0.0,0.0,0.0,0.0,0.0,0.0,0.0,0.0,0.0,0.0,0.0,0.0,0.0,0.0,0.0,0.0,0.0,0.0,0.0,0.0,0.0,0.0,0.0,0.0,0.0,0.0,0.0,0.0,0.0,0.0,0.0,0.0,0.0,0.0,0.0,0.0,0.0,0.0,0.0,0.0,0.0,0.0,0.0,0.0,0.0,0.0,0.0,0.0,0.0,0.0,0.0,0.0,0.0,0.0,0.0,0.0,0.0,0.0,0.0,0.0,0.0,0.0,0.0,0.0,0.0,0.0,0.0,0.0,0.0,0.0,0.0,0.0,0.0
posttest Volunteered to answer more questions,1.0,1.0,1.0,1.0,1.0,1.0,1.0,1.0,1.0,1.0,1.0,1.0,1.0,1.0,1.0,1.0,1.0,1.0,1.0,1.0,1.0,1.0,1.0,1.0,1.0,1.0,1.0,1.0,1.0,1.0,1.0,1.0,1.0,1.0,1.0,1.0,1.0,1.0,1.0,1.0,1.0,1.0,1.0,1.0,1.0,1.0,1.0,1.0,1.0,1.0,1.0,1.0,1.0,1.0,1.0,1.0,1.0,1.0,1.0,1.0,1.0,1.0,1.0,1.0,1.0,1.0,1.0,1.0,1.0,1.0,1.0,1.0,1.0,1.0,1.0,1.0,1.0,1.0,1.0,1.0,1.0,1.0,1.0,1.0,1.0,1.0,1.0,1.0,1.0
posttest Enjoyed playing,1.0,1.0,1.0,1.0,0.0,1.0,1.0,1.0,1.0,1.0,1.0,1.0,1.0,1.0,1.0,1.0,1.0,1.0,1.0,1.0,1.0,1.0,0.0,0.0,0.0,1.0,1.0,1.0,1.0,1.0,1.0,1.0,1.0,1.0,1.0,1.0,1.0,1.0,0.0,1.0,1.0,0.0,1.0,1.0,0.0,0.0,1.0,1.0,1.0,1.0,1.0,1.0,1.0,1.0,1.0,1.0,0.0,0.0,0.0,1.0,1.0,1.0,0.0,0.0,1.0,1.0,1.0,1.0,1.0,1.0,1.0,1.0,1.0,1.0,1.0,1.0,1.0,1.0,1.0,1.0,0.0,0.0,1.0,1.0,0.0,0.0,0.0,1.0,1.0
posttest Genotype and phenotype,0.0,1.0,1.0,1.0,1.0,1.0,1.0,1.0,1.0,0.0,1.0,1.0,0.0,1.0,1.0,1.0,1.0,1.0,1.0,1.0,1.0,1.0,0.0,1.0,0.0,1.0,1.0,1.0,1.0,1.0,1.0,1.0,1.0,1.0,1.0,1.0,1.0,1.0,1.0,1.0,0.0,1.0,1.0,1.0,1.0,0.0,0.0,0.0,1.0,1.0,1.0,1.0,1.0,1.0,1.0,0.0,1.0,1.0,1.0,0.0,1.0,1.0,1.0,0.0,1.0,1.0,1.0,1.0,1.0,1.0,1.0,1.0,1.0,0.0,1.0,1.0,1.0,1.0,0.0,0.0,0.0,1.0,1.0,1.0,1.0,1.0,1.0,1.0,1.0
posttest BioBricks and devices composition,1.0,1.0,1.0,0.0,0.0,1.0,0.0,1.0,0.0,0.0,1.0,0.0,1.0,1.0,1.0,1.0,0.0,0.0,1.0,1.0,0.0,1.0,0.0,1.0,0.0,1.0,0.0,0.0,1.0,1.0,1.0,1.0,1.0,0.0,1.0,1.0,0.0,1.0,0.0,1.0,0.0,1.0,1.0,1.0,1.0,0.0,0.0,0.0,1.0,0.0,1.0,1.0,1.0,1.0,0.0,0.0,1.0,0.0,1.0,1.0,1.0,1.0,0.0,0.0,1.0,0.0,1.0,1.0,1.0,1.0,1.0,0.0,1.0,0.0,1.0,1.0,1.0,0.0,0.0,1.0,0.0,0.0,1.0,1.0,0.0,1.0,1.0,1.0,1.0
posttest Ampicillin antibiotic,1.0,0.0,1.0,0.0,1.0,1.0,1.0,1.0,0.0,0.0,1.0,1.0,1.0,1.0,1.0,1.0,1.0,1.0,1.0,1.0,1.0,1.0,0.0,1.0,1.0,0.0,0.0,1.0,1.0,0.0,1.0,1.0,1.0,1.0,1.0,0.0,1.0,1.0,0.0,0.0,1.0,0.0,1.0,1.0,0.0,1.0,0.0,1.0,1.0,1.0,1.0,0.0,1.0,1.0,0.0,0.0,0.0,1.0,1.0,1.0,1.0,1.0,0.0,1.0,1.0,1.0,0.0,0.0,1.0,1.0,1.0,0.0,0.0,0.0,0.0,1.0,1.0,1.0,1.0,1.0,0.0,1.0,1.0,1.0,1.0,1.0,1.0,1.0,1.0
posttest Name: Plasmid,0.0,0.0,0.0,0.0,0.0,1.0,1.0,0.0,0.0,0.0,1.0,1.0,0.0,1.0,1.0,1.0,0.0,0.0,0.0,1.0,0.0,0.0,0.0,0.0,0.0,0.0,0.0,0.0,1.0,0.0,0.0,1.0,1.0,0.0,0.0,0.0,1.0,0.0,0.0,0.0,1.0,1.0,0.0,0.0,0.0,0.0,0.0,0.0,1.0,1.0,1.0,0.0,0.0,1.0,0.0,0.0,0.0,1.0,1.0,1.0,1.0,1.0,0.0,1.0,1.0,1.0,1.0,1.0,0.0,0.0,0.0,0.0,0.0,0.0,0.0,0.0,1.0,1.0,1.0,1.0,0.0,0.0,1.0,0.0,0.0,0.0,0.0,0.0,1.0
posttest Function: TER,0.0,0.0,1.0,0.0,0.0,0.0,1.0,1.0,0.0,0.0,1.0,0.0,1.0,1.0,0.0,1.0,0.0,1.0,1.0,1.0,1.0,1.0,0.0,1.0,0.0,1.0,0.0,1.0,1.0,0.0,1.0,1.0,1.0,1.0,0.0,0.0,1.0,0.0,0.0,0.0,0.0,0.0,1.0,0.0,0.0,0.0,0.0,0.0,1.0,1.0,1.0,1.0,0.0,1.0,1.0,0.0,0.0,0.0,0.0,1.0,0.0,1.0,0.0,0.0,1.0,0.0,1.0,0.0,1.0,0.0,1.0,0.0,0.0,0.0,0.0,1.0,1.0,1.0,0.0,0.0,0.0,0.0,1.0,1.0,0.0,1.0,0.0,1.0,1.0
posttest Name: PR,0.0,1.0,0.0,0.0,0.0,0.0,1.0,0.0,1.0,0.0,1.0,0.0,1.0,0.0,0.0,1.0,0.0,0.0,1.0,1.0,0.0,1.0,1.0,1.0,0.0,0.0,0.0,0.0,1.0,0.0,1.0,0.0,1.0,1.0,0.0,0.0,1.0,0.0,0.0,0.0,0.0,0.0,0.0,0.0,0.0,0.0,0.0,0.0,0.0,0.0,0.0,0.0,0.0,1.0,0.0,0.0,0.0,1.0,1.0,0.0,0.0,0.0,0.0,0.0,0.0,1.0,1.0,0.0,0.0,0.0,0.0,0.0,0.0,0.0,0.0,1.0,0.0,0.0,1.0,0.0,0.0,0.0,0.0,0.0,0.0,0.0,0.0,0.0,0.0
posttest Function - game: CDS,1.0,0.0,0.0,0.0,0.0,0.0,1.0,0.0,1.0,0.0,0.0,1.0,0.0,1.0,1.0,1.0,0.0,1.0,1.0,0.0,0.0,0.0,0.0,0.0,0.0,0.0,0.0,0.0,1.0,0.0,0.0,1.0,1.0,0.0,0.0,0.0,1.0,0.0,0.0,0.0,0.0,0.0,0.0,0.0,0.0,0.0,0.0,0.0,0.0,0.0,0.0,1.0,0.0,0.0,0.0,0.0,0.0,0.0,0.0,0.0,0.0,1.0,0.0,0.0,0.0,0.0,0.0,0.0,0.0,1.0,0.0,0.0,0.0,0.0,0.0,1.0,0.0,0.0,0.0,0.0,0.0,0.0,0.0,0.0,0.0,0.0,0.0,0.0,0.0
posttest Name: TER,0.0,1.0,1.0,0.0,0.0,0.0,1.0,1.0,1.0,0.0,1.0,0.0,1.0,1.0,0.0,1.0,1.0,1.0,1.0,1.0,1.0,1.0,1.0,1.0,1.0,1.0,0.0,1.0,1.0,0.0,1.0,1.0,0.0,1.0,1.0,1.0,1.0,1.0,0.0,0.0,1.0,0.0,1.0,0.0,0.0,0.0,1.0,0.0,1.0,0.0,0.0,1.0,0.0,0.0,0.0,0.0,0.0,1.0,0.0,1.0,1.0,1.0,0.0,0.0,1.0,0.0,0.0,0.0,1.0,1.0,0.0,0.0,1.0,0.0,0.0,1.0,1.0,1.0,1.0,0.0,0.0,1.0,1.0,0.0,0.0,1.0,0.0,0.0,0.0
posttest Function - biology: CDS,0.0,1.0,0.0,0.0,0.0,1.0,1.0,0.0,1.0,0.0,0.0,1.0,0.0,0.0,0.0,0.0,0.0,0.0,0.0,1.0,0.0,0.0,0.0,1.0,0.0,0.0,0.0,0.0,0.0,0.0,1.0,1.0,1.0,0.0,0.0,0.0,1.0,0.0,0.0,0.0,0.0,0.0,0.0,0.0,0.0,0.0,0.0,0.0,1.0,1.0,1.0,0.0,0.0,0.0,0.0,1.0,0.0,0.0,0.0,0.0,0.0,0.0,0.0,0.0,0.0,0.0,1.0,0.0,0.0,1.0,0.0,0.0,0.0,0.0,0.0,1.0,0.0,0.0,1.0,0.0,0.0,0.0,1.0,0.0,0.0,0.0,0.0,0.0,0.0
posttest Name: RBS,0.0,0.0,0.0,0.0,0.0,0.0,0.0,0.0,0.0,0.0,0.0,0.0,0.0,1.0,0.0,1.0,0.0,0.0,0.0,0.0,0.0,0.0,0.0,0.0,0.0,0.0,0.0,0.0,0.0,0.0,0.0,0.0,1.0,0.0,0.0,0.0,1.0,0.0,0.0,0.0,1.0,0.0,0.0,0.0,0.0,0.0,0.0,0.0,0.0,0.0,0.0,0.0,1.0,0.0,0.0,0.0,0.0,0.0,0.0,0.0,0.0,0.0,0.0,0.0,0.0,1.0,0.0,0.0,0.0,1.0,0.0,0.0,1.0,0.0,0.0,1.0,0.0,0.0,0.0,0.0,0.0,0.0,0.0,1.0,0.0,1.0,0.0,0.0,0.0
posttest Example: CDS,1.0,0.0,0.0,0.0,0.0,0.0,1.0,0.0,0.0,0.0,1.0,1.0,0.0,0.0,1.0,1.0,1.0,0.0,0.0,1.0,0.0,0.0,0.0,0.0,0.0,0.0,0.0,0.0,1.0,0.0,0.0,1.0,1.0,0.0,0.0,0.0,0.0,0.0,0.0,0.0,0.0,0.0,1.0,0.0,0.0,0.0,0.0,0.0,0.0,1.0,0.0,1.0,1.0,1.0,1.0,0.0,1.0,0.0,0.0,0.0,1.0,1.0,0.0,0.0,1.0,0.0,0.0,0.0,0.0,1.0,0.0,0.0,0.0,0.0,0.0,1.0,0.0,0.0,0.0,0.0,0.0,1.0,1.0,1.0,0.0,0.0,0.0,0.0,1.0
posttest Name: CDS,0.0,0.0,0.0,0.0,0.0,0.0,0.0,0.0,1.0,0.0,0.0,1.0,0.0,0.0,0.0,0.0,0.0,0.0,0.0,1.0,1.0,1.0,0.0,1.0,0.0,0.0,1.0,0.0,1.0,0.0,0.0,1.0,0.0,0.0,0.0,0.0,1.0,0.0,0.0,0.0,0.0,0.0,0.0,0.0,0.0,0.0,0.0,0.0,0.0,1.0,0.0,0.0,0.0,0.0,0.0,1.0,0.0,0.0,0.0,0.0,0.0,0.0,0.0,0.0,1.0,0.0,1.0,0.0,1.0,1.0,0.0,1.0,0.0,0.0,0.0,0.0,0.0,0.0,0.0,0.0,0.0,0.0,1.0,0.0,0.0,0.0,0.0,0.0,1.0
posttest Function: PR,1.0,0.0,0.0,1.0,0.0,0.0,0.0,0.0,1.0,0.0,0.0,1.0,0.0,1.0,0.0,1.0,0.0,0.0,0.0,1.0,0.0,0.0,0.0,0.0,0.0,1.0,0.0,0.0,1.0,0.0,0.0,1.0,0.0,0.0,0.0,0.0,1.0,0.0,0.0,0.0,0.0,0.0,1.0,0.0,0.0,0.0,0.0,0.0,0.0,1.0,0.0,0.0,0.0,1.0,0.0,0.0,0.0,0.0,0.0,0.0,1.0,0.0,0.0,1.0,0.0,0.0,1.0,0.0,1.0,0.0,0.0,0.0,1.0,0.0,0.0,0.0,0.0,0.0,0.0,0.0,0.0,0.0,0.0,0.0,0.0,0.0,0.0,0.0,0.0
posttest Function: RBS,1.0,0.0,1.0,0.0,0.0,1.0,1.0,0.0,0.0,0.0,1.0,1.0,0.0,1.0,1.0,1.0,1.0,1.0,1.0,1.0,1.0,1.0,0.0,1.0,0.0,1.0,0.0,0.0,1.0,0.0,1.0,1.0,0.0,1.0,0.0,0.0,1.0,0.0,0.0,0.0,0.0,0.0,1.0,1.0,0.0,0.0,0.0,0.0,1.0,1.0,1.0,1.0,0.0,1.0,0.0,1.0,0.0,1.0,1.0,1.0,1.0,1.0,0.0,0.0,1.0,0.0,1.0,0.0,0.0,1.0,0.0,1.0,0.0,0.0,0.0,1.0,1.0,1.0,0.0,0.0,0.0,0.0,1.0,0.0,1.0,0.0,0.0,0.0,1.0
posttest Function: Plasmid,1.0,1.0,1.0,0.0,0.0,1.0,1.0,0.0,0.0,0.0,1.0,1.0,0.0,1.0,0.0,1.0,0.0,1.0,1.0,0.0,1.0,1.0,0.0,1.0,0.0,1.0,0.0,1.0,1.0,0.0,0.0,1.0,1.0,0.0,0.0,0.0,1.0,1.0,1.0,0.0,0.0,0.0,0.0,1.0,0.0,0.0,0.0,0.0,1.0,0.0,0.0,1.0,1.0,1.0,0.0,1.0,0.0,1.0,0.0,0.0,0.0,1.0,0.0,0.0,1.0,1.0,1.0,0.0,1.0,1.0,0.0,1.0,0.0,0.0,0.0,1.0,0.0,0.0,1.0,0.0,0.0,0.0,1.0,1.0,0.0,0.0,0.0,0.0,0.0
posttest Name: Operator XXX,0.0,1.0,0.0,0.0,0.0,0.0,0.0,0.0,0.0,0.0,1.0,0.0,0.0,0.0,0.0,0.0,0.0,0.0,0.0,0.0,0.0,0.0,0.0,0.0,0.0,0.0,0.0,1.0,0.0,0.0,0.0,0.0,0.0,0.0,0.0,0.0,0.0,0.0,0.0,0.0,0.0,0.0,0.0,0.0,0.0,0.0,0.0,0.0,0.0,0.0,0.0,0.0,0.0,0.0,1.0,0.0,0.0,0.0,0.0,0.0,0.0,0.0,0.0,0.0,0.0,0.0,0.0,0.0,0.0,0.0,0.0,0.0,0.0,0.0,0.0,0.0,0.0,0.0,0.0,0.0,0.0,0.0,0.0,0.0,0.0,0.0,0.0,0.0,0.0
posttest Device: RBS:PCONS:FLHDC:TER XXX,1.0,1.0,1.0,0.0,0.0,1.0,1.0,1.0,0.0,0.0,1.0,1.0,0.0,1.0,1.0,1.0,0.0,1.0,1.0,1.0,1.0,1.0,0.0,1.0,1.0,1.0,1.0,1.0,1.0,0.0,1.0,1.0,1.0,1.0,1.0,1.0,1.0,1.0,1.0,0.0,0.0,0.0,1.0,1.0,0.0,0.0,0.0,0.0,1.0,1.0,1.0,1.0,1.0,1.0,1.0,1.0,0.0,1.0,0.0,1.0,1.0,1.0,0.0,0.0,1.0,1.0,0.0,1.0,1.0,1.0,1.0,1.0,0.0,0.0,1.0,1.0,1.0,1.0,1.0,1.0,0.0,0.0,1.0,1.0,1.0,1.0,0.0,0.0,1.0
posttest Device: PCONS:RBS:FLHDC:TER,1.0,0.0,0.0,0.0,0.0,0.0,0.0,1.0,0.0,0.0,1.0,1.0,0.0,1.0,1.0,1.0,0.0,1.0,1.0,1.0,0.0,0.0,0.0,1.0,0.0,0.0,1.0,0.0,0.0,0.0,1.0,1.0,0.0,1.0,1.0,0.0,0.0,1.0,0.0,0.0,0.0,0.0,1.0,0.0,0.0,0.0,0.0,0.0,1.0,1.0,0.0,0.0,1.0,1.0,0.0,0.0,0.0,1.0,0.0,0.0,1.0,1.0,0.0,0.0,0.0,1.0,0.0,0.0,1.0,1.0,0.0,0.0,0.0,0.0,0.0,0.0,1.0,0.0,1.0,1.0,0.0,0.0,1.0,0.0,0.0,1.0,0.0,0.0,1.0
posttest Device: PBAD:RBS:GFP:TER,1.0,0.0,0.0,0.0,0.0,0.0,0.0,0.0,0.0,0.0,1.0,1.0,0.0,1.0,0.0,1.0,0.0,1.0,0.0,1.0,0.0,0.0,0.0,0.0,0.0,0.0,0.0,0.0,0.0,0.0,0.0,1.0,0.0,0.0,0.0,0.0,0.0,0.0,0.0,0.0,0.0,0.0,1.0,0.0,0.0,0.0,0.0,0.0,1.0,0.0,0.0,0.0,0.0,1.0,0.0,0.0,0.0,1.0,0.0,0.0,1.0,0.0,0.0,0.0,0.0,1.0,0.0,0.0,1.0,1.0,0.0,0.0,0.0,0.0,0.0,0.0,1.0,0.0,0.0,0.0,0.0,0.0,0.0,0.0,0.0,0.0,0.0,0.0,1.0
posttest Device: PBAD:GFP:RBS:TER XXX,1.0,1.0,0.0,0.0,0.0,0.0,0.0,1.0,0.0,0.0,0.0,0.0,0.0,1.0,1.0,1.0,0.0,0.0,0.0,1.0,1.0,1.0,0.0,1.0,0.0,0.0,0.0,0.0,0.0,0.0,0.0,1.0,0.0,0.0,1.0,1.0,0.0,0.0,0.0,0.0,0.0,0.0,1.0,1.0,0.0,0.0,0.0,0.0,1.0,1.0,1.0,0.0,0.0,1.0,0.0,1.0,0.0,0.0,0.0,1.0,1.0,1.0,0.0,0.0,0.0,1.0,0.0,0.0,0.0,1.0,1.0,1.0,0.0,0.0,1.0,1.0,0.0,0.0,1.0,1.0,0.0,0.0,1.0,0.0,0.0,1.0,0.0,0.0,1.0
posttest Device: GFP:RBS:PCONS:TER XXX,1.0,1.0,0.0,0.0,0.0,1.0,1.0,1.0,0.0,0.0,1.0,1.0,0.0,1.0,1.0,1.0,0.0,1.0,1.0,1.0,1.0,1.0,0.0,0.0,1.0,1.0,0.0,0.0,1.0,0.0,1.0,1.0,1.0,1.0,1.0,1.0,1.0,1.0,1.0,0.0,0.0,0.0,1.0,0.0,0.0,0.0,0.0,0.0,1.0,1.0,1.0,1.0,0.0,1.0,0.0,1.0,0.0,0.0,0.0,1.0,1.0,1.0,0.0,0.0,1.0,1.0,0.0,0.0,1.0,1.0,0.0,1.0,0.0,0.0,0.0,1.0,1.0,1.0,1.0,1.0,0.0,0.0,1.0,1.0,0.0,1.0,0.0,0.0,1.0
posttest Device: PCONS:GFP:RBS:TER XXX,1.0,0.0,0.0,0.0,0.0,0.0,0.0,1.0,0.0,0.0,0.0,1.0,0.0,1.0,1.0,1.0,0.0,0.0,1.0,1.0,0.0,0.0,0.0,0.0,0.0,0.0,0.0,0.0,0.0,0.0,1.0,1.0,0.0,0.0,1.0,1.0,1.0,1.0,0.0,0.0,0.0,0.0,1.0,1.0,0.0,0.0,0.0,0.0,0.0,1.0,1.0,0.0,0.0,1.0,0.0,0.0,1.0,0.0,0.0,1.0,1.0,1.0,0.0,0.0,0.0,1.0,0.0,0.0,0.0,1.0,1.0,0.0,0.0,0.0,0.0,0.0,0.0,0.0,1.0,0.0,0.0,0.0,0.0,0.0,0.0,1.0,0.0,0.0,1.0
posttest Device: AMPR:RBS:PCONS:TER XXX,1.0,1.0,0.0,0.0,0.0,1.0,1.0,0.0,0.0,0.0,1.0,1.0,0.0,1.0,1.0,1.0,0.0,1.0,1.0,1.0,0.0,1.0,0.0,0.0,1.0,1.0,0.0,1.0,1.0,0.0,1.0,1.0,1.0,1.0,1.0,1.0,1.0,1.0,1.0,0.0,0.0,0.0,1.0,1.0,0.0,0.0,0.0,0.0,1.0,1.0,1.0,1.0,0.0,1.0,0.0,1.0,0.0,0.0,0.0,1.0,1.0,1.0,0.0,0.0,0.0,1.0,0.0,0.0,1.0,1.0,1.0,0.0,0.0,0.0,0.0,1.0,1.0,1.0,1.0,0.0,0.0,0.0,1.0,1.0,0.0,1.0,0.0,0.0,1.0
posttest Device: RBS:PCONS:AMPR:TER XXX,1.0,1.0,0.0,0.0,0.0,1.0,1.0,1.0,0.0,0.0,1.0,1.0,0.0,1.0,1.0,1.0,0.0,1.0,1.0,1.0,1.0,1.0,0.0,1.0,1.0,1.0,0.0,1.0,1.0,0.0,1.0,1.0,1.0,1.0,1.0,1.0,1.0,1.0,1.0,0.0,0.0,0.0,1.0,1.0,0.0,0.0,0.0,0.0,1.0,1.0,1.0,1.0,0.0,1.0,1.0,1.0,0.0,0.0,0.0,1.0,1.0,1.0,0.0,0.0,0.0,1.0,0.0,0.0,1.0,1.0,1.0,1.0,0.0,0.0,1.0,1.0,1.0,1.0,1.0,0.0,0.0,0.0,1.0,1.0,0.0,1.0,0.0,0.0,1.0
posttest Green fluorescence,1.0,1.0,1.0,0.0,1.0,1.0,1.0,0.0,0.0,0.0,1.0,1.0,1.0,1.0,1.0,1.0,0.0,1.0,1.0,1.0,1.0,1.0,0.0,1.0,1.0,1.0,0.0,0.0,1.0,1.0,1.0,0.0,1.0,1.0,1.0,1.0,1.0,1.0,0.0,0.0,0.0,0.0,1.0,1.0,0.0,0.0,0.0,0.0,1.0,1.0,1.0,1.0,1.0,1.0,0.0,1.0,1.0,1.0,1.0,0.0,1.0,1.0,1.0,0.0,1.0,1.0,0.0,0.0,1.0,1.0,0.0,0.0,1.0,0.0,0.0,0.0,0.0,1.0,1.0,0.0,0.0,1.0,1.0,1.0,1.0,1.0,1.0,0.0,1.0
posttest Unequip the movement device: effect,1.0,1.0,0.0,0.0,1.0,1.0,1.0,1.0,0.0,0.0,1.0,1.0,1.0,1.0,1.0,1.0,0.0,1.0,1.0,1.0,0.0,1.0,0.0,1.0,0.0,1.0,0.0,0.0,1.0,1.0,1.0,1.0,1.0,1.0,1.0,1.0,1.0,1.0,0.0,0.0,1.0,1.0,1.0,1.0,0.0,0.0,1.0,0.0,1.0,1.0,0.0,0.0,0.0,1.0,0.0,0.0,1.0,0.0,1.0,0.0,1.0,1.0,1.0,0.0,1.0,1.0,1.0,0.0,1.0,1.0,0.0,1.0,0.0,0.0,0.0,1.0,0.0,0.0,1.0,0.0,0.0,1.0,1.0,0.0,0.0,1.0,1.0,0.0,1.0
posttest Device: PBAD:RBS:ARA:TER,1.0,0.0,0.0,0.0,0.0,0.0,1.0,0.0,0.0,0.0,0.0,0.0,0.0,0.0,0.0,0.0,0.0,0.0,1.0,0.0,0.0,1.0,0.0,1.0,0.0,1.0,0.0,0.0,1.0,0.0,0.0,1.0,0.0,1.0,0.0,0.0,0.0,0.0,0.0,0.0,0.0,0.0,1.0,0.0,0.0,0.0,1.0,0.0,0.0,0.0,0.0,0.0,0.0,1.0,0.0,0.0,0.0,0.0,0.0,0.0,1.0,0.0,0.0,0.0,0.0,0.0,0.0,1.0,0.0,0.0,0.0,0.0,0.0,0.0,0.0,0.0,0.0,0.0,0.0,0.0,0.0,0.0,0.0,0.0,0.0,0.0,0.0,0.0,0.0
posttest Language,1.0,0.0,1.0,1.0,1.0,1.0,1.0,0.0,0.0,0.0,0.0,0.0,0.0,0.0,0.0,0.0,0.0,0.0,0.0,0.0,0.0,0.0,0.0,0.0,0.0,0.0,0.0,0.0,0.0,0.0,0.0,0.0,0.0,0.0,0.0,0.0,0.0,0.0,0.0,0.0,0.0,0.0,0.0,0.0,0.0,0.0,0.0,0.0,0.0,0.0,0.0,0.0,0.0,0.0,0.0,0.0,0.0,0.0,0.0,0.0,0.0,0.0,0.0,0.0,0.0,0.0,0.0,0.0,0.0,0.0,0.0,0.0,0.0,0.0,0.0,0.0,0.0,0.0,0.0,0.0,0.0,0.0,0.0,0.0,0.0,0.0,0.0,0.0,0.0
posttest Temporality,1.0,1.0,1.0,1.0,1.0,1.0,1.0,1.0,1.0,1.0,1.0,1.0,1.0,1.0,1.0,1.0,1.0,1.0,1.0,1.0,1.0,1.0,1.0,1.0,1.0,1.0,1.0,1.0,1.0,1.0,1.0,1.0,1.0,1.0,1.0,1.0,1.0,1.0,1.0,1.0,1.0,1.0,1.0,1.0,1.0,1.0,1.0,1.0,1.0,1.0,1.0,1.0,1.0,1.0,1.0,1.0,1.0,1.0,1.0,1.0,1.0,1.0,1.0,1.0,1.0,1.0,1.0,1.0,1.0,1.0,1.0,1.0,1.0,1.0,1.0,1.0,1.0,1.0,1.0,1.0,1.0,1.0,1.0,1.0,1.0,1.0,1.0,1.0,1.0
delta Want to learn more about Biology,0.0,0.0,0.0,0.0,0.0,1.0,0.0,0.0,0.0,0.0,-1.0,0.0,0.0,0.0,0.0,0.0,0.0,0.0,0.0,0.0,0.0,0.0,1.0,0.0,0.0,0.0,-1.0,0.0,0.0,0.0,-1.0,0.0,0.0,0.0,0.0,0.0,0.0,0.0,-1.0,1.0,0.0,0.0,0.0,0.0,0.0,0.0,0.0,0.0,0.0,0.0,0.0,0.0,0.0,0.0,0.0,0.0,-1.0,0.0,0.0,0.0,0.0,0.0,0.0,-1.0,0.0,0.0,0.0,1.0,0.0,0.0,-1.0,0.0,0.0,0.0,0.0,0.0,0.0,0.0,0.0,0.0,0.0,0.0,0.0,0.0,0.0,0.0,0.0,0.0,0.0
delta Want to learn more about Synthetic biology,0.0,0.0,0.0,0.0,0.0,0.0,0.0,0.0,0.0,0.0,0.0,0.0,0.0,0.0,1.0,0.0,0.0,0.0,1.0,0.0,0.0,0.0,1.0,0.0,0.0,0.0,-1.0,0.0,0.0,0.0,-1.0,0.0,0.0,0.0,0.0,0.0,0.0,0.0,-1.0,0.0,0.0,1.0,0.0,0.0,0.0,0.0,-1.0,0.0,0.0,0.0,0.0,0.0,-1.0,0.0,0.0,0.0,0.0,0.0,-1.0,0.0,0.0,0.0,0.0,-1.0,0.0,0.0,0.0,-1.0,0.0,0.0,0.0,0.0,-1.0,0.0,0.0,0.0,0.0,0.0,0.0,1.0,0.0,0.0,0.0,0.0,1.0,0.0,0.0,0.0,0.0
delta Want to learn more about Video games,0.0,0.0,0.0,0.0,0.0,0.0,0.0,0.0,0.0,0.0,0.0,0.0,0.0,0.0,0.0,0.0,0.0,0.0,0.0,0.0,0.0,0.0,1.0,-1.0,0.0,0.0,0.0,0.0,1.0,0.0,0.0,0.0,-1.0,0.0,0.0,0.0,0.0,0.0,0.0,0.0,0.0,0.0,0.0,0.0,0.0,0.0,0.0,0.0,0.0,0.0,0.0,0.0,0.0,0.0,0.0,0.0,0.0,0.0,-1.0,-1.0,1.0,0.0,0.0,0.0,0.0,0.0,0.0,0.0,0.0,0.0,0.0,0.0,0.0,0.0,0.0,0.0,0.0,0.0,0.0,0.0,-1.0,0.0,0.0,0.0,-1.0,0.0,1.0,-1.0,0.0
delta Want to learn more about Engineering,0.0,0.0,0.0,0.0,0.0,0.0,0.0,0.0,1.0,0.0,0.0,0.0,0.0,0.0,0.0,0.0,0.0,0.0,0.0,0.0,0.0,0.0,1.0,0.0,-1.0,0.0,0.0,0.0,-1.0,0.0,0.0,0.0,-1.0,0.0,0.0,0.0,0.0,0.0,0.0,1.0,0.0,-1.0,0.0,0.0,0.0,0.0,0.0,0.0,0.0,0.0,0.0,0.0,0.0,0.0,0.0,0.0,0.0,-1.0,-1.0,-1.0,1.0,0.0,0.0,0.0,-1.0,0.0,-1.0,-1.0,0.0,0.0,0.0,0.0,0.0,0.0,0.0,0.0,0.0,0.0,0.0,0.0,0.0,0.0,0.0,0.0,-1.0,0.0,0.0,0.0,0.0
delta Played Hero.Coli,1.0,1.0,1.0,1.0,1.0,1.0,1.0,1.0,1.0,1.0,1.0,1.0,1.0,1.0,1.0,1.0,1.0,1.0,1.0,1.0,1.0,1.0,1.0,1.0,1.0,1.0,1.0,1.0,1.0,1.0,1.0,1.0,1.0,1.0,1.0,1.0,1.0,1.0,1.0,1.0,1.0,1.0,1.0,1.0,1.0,1.0,1.0,1.0,1.0,1.0,1.0,1.0,1.0,1.0,1.0,1.0,1.0,1.0,1.0,1.0,1.0,1.0,1.0,1.0,1.0,1.0,1.0,1.0,1.0,1.0,1.0,1.0,1.0,1.0,1.0,1.0,1.0,1.0,1.0,1.0,1.0,1.0,1.0,1.0,1.0,1.0,1.0,1.0,1.0
delta Age,0.0,0.0,0.0,0.0,0.0,0.0,0.0,0.0,0.0,0.0,0.0,0.0,0.0,0.0,0.0,0.0,0.0,0.0,0.0,0.0,0.0,0.0,0.0,0.0,0.0,0.0,0.0,0.0,0.0,0.0,0.0,0.0,0.0,0.0,0.0,0.0,0.0,0.0,0.0,0.0,0.0,0.0,0.0,0.0,0.0,0.0,0.0,0.0,0.0,0.0,0.0,0.0,0.0,0.0,0.0,0.0,0.0,0.0,0.0,0.0,0.0,0.0,0.0,0.0,0.0,0.0,0.0,0.0,0.0,0.0,0.0,0.0,0.0,0.0,0.0,0.0,0.0,0.0,0.0,0.0,0.0,0.0,0.0,0.0,0.0,0.0,0.0,0.0,0.0
delta Gender,0.0,0.0,0.0,0.0,0.0,0.0,0.0,0.0,0.0,0.0,0.0,0.0,0.0,0.0,0.0,0.0,0.0,0.0,0.0,0.0,0.0,0.0,0.0,0.0,0.0,0.0,0.0,0.0,0.0,0.0,0.0,0.0,0.0,0.0,0.0,0.0,0.0,0.0,0.0,0.0,0.0,0.0,0.0,0.0,0.0,0.0,0.0,0.0,0.0,0.0,0.0,0.0,0.0,0.0,0.0,0.0,0.0,0.0,0.0,0.0,0.0,0.0,0.0,0.0,0.0,0.0,0.0,0.0,0.0,0.0,0.0,0.0,0.0,0.0,0.0,0.0,0.0,0.0,0.0,0.0,0.0,0.0,0.0,0.0,0.0,0.0,0.0,0.0,0.0
delta Interested in video games,0.0,0.0,0.0,0.0,0.0,0.0,0.0,0.0,0.0,0.0,0.0,0.0,0.0,0.0,0.0,0.0,0.0,0.0,0.0,0.0,0.0,0.0,0.0,0.0,0.0,0.0,0.0,0.0,0.0,0.0,0.0,0.0,0.0,0.0,0.0,0.0,0.0,0.0,0.0,0.0,0.0,0.0,0.0,0.0,0.0,0.0,0.0,0.0,0.0,0.0,0.0,0.0,0.0,0.0,0.0,0.0,0.0,0.0,0.0,0.0,0.0,0.0,0.0,0.0,0.0,0.0,0.0,0.0,0.0,0.0,0.0,0.0,0.0,0.0,0.0,0.0,0.0,0.0,0.0,0.0,0.0,0.0,0.0,0.0,0.0,0.0,0.0,0.0,0.0
delta Interested in biology,0.0,0.0,0.0,0.0,0.0,0.0,0.0,0.0,0.0,0.0,0.0,0.0,0.0,0.0,0.0,0.0,0.0,0.0,0.0,0.0,0.0,0.0,0.0,0.0,0.0,0.0,0.0,0.0,0.0,0.0,0.0,0.0,0.0,0.0,0.0,0.0,0.0,0.0,0.0,0.0,0.0,0.0,0.0,0.0,0.0,0.0,0.0,0.0,0.0,0.0,0.0,0.0,0.0,0.0,0.0,0.0,0.0,0.0,0.0,0.0,0.0,0.0,0.0,0.0,0.0,0.0,0.0,0.0,0.0,0.0,0.0,0.0,0.0,0.0,0.0,0.0,0.0,0.0,0.0,0.0,0.0,0.0,0.0,0.0,0.0,0.0,0.0,0.0,0.0
delta Studied biology,0.0,0.0,0.0,0.0,0.0,0.0,0.0,0.0,0.0,0.0,0.0,0.0,0.0,0.0,0.0,0.0,0.0,0.0,0.0,0.0,0.0,0.0,0.0,0.0,0.0,0.0,0.0,0.0,0.0,0.0,0.0,0.0,0.0,0.0,0.0,0.0,0.0,0.0,0.0,0.0,0.0,0.0,0.0,0.0,0.0,0.0,0.0,0.0,0.0,0.0,0.0,0.0,0.0,0.0,0.0,0.0,0.0,0.0,0.0,0.0,0.0,0.0,0.0,0.0,0.0,0.0,0.0,0.0,0.0,0.0,0.0,0.0,0.0,0.0,0.0,0.0,0.0,0.0,0.0,0.0,0.0,0.0,0.0,0.0,0.0,0.0,0.0,0.0,0.0
delta Play video games,0.0,0.0,0.0,0.0,0.0,0.0,0.0,0.0,0.0,0.0,0.0,0.0,0.0,0.0,0.0,0.0,0.0,0.0,0.0,0.0,0.0,0.0,0.0,0.0,0.0,0.0,0.0,0.0,0.0,0.0,0.0,0.0,0.0,0.0,0.0,0.0,0.0,0.0,0.0,0.0,0.0,0.0,0.0,0.0,0.0,0.0,0.0,0.0,0.0,0.0,0.0,0.0,0.0,0.0,0.0,0.0,0.0,0.0,0.0,0.0,0.0,0.0,0.0,0.0,0.0,0.0,0.0,0.0,0.0,0.0,0.0,0.0,0.0,0.0,0.0,0.0,0.0,0.0,0.0,0.0,0.0,0.0,0.0,0.0,0.0,0.0,0.0,0.0,0.0
delta Heard about Synthetic biology or BioBricks,0.0,0.0,0.0,0.0,0.0,0.0,0.0,0.0,0.0,0.0,0.0,0.0,0.0,0.0,0.0,0.0,0.0,0.0,0.0,0.0,0.0,0.0,0.0,0.0,0.0,0.0,0.0,0.0,0.0,0.0,0.0,0.0,0.0,0.0,0.0,0.0,0.0,0.0,0.0,0.0,0.0,0.0,0.0,0.0,0.0,0.0,0.0,0.0,0.0,0.0,0.0,0.0,0.0,0.0,0.0,0.0,0.0,0.0,0.0,0.0,0.0,0.0,0.0,0.0,0.0,0.0,0.0,0.0,0.0,0.0,0.0,0.0,0.0,0.0,0.0,0.0,0.0,0.0,0.0,0.0,0.0,0.0,0.0,0.0,0.0,0.0,0.0,0.0,0.0
delta Volunteered to answer more questions,0.0,0.0,0.0,0.0,0.0,0.0,0.0,0.0,0.0,0.0,0.0,0.0,0.0,0.0,0.0,0.0,0.0,0.0,0.0,0.0,0.0,0.0,0.0,0.0,0.0,0.0,0.0,0.0,0.0,0.0,0.0,0.0,0.0,0.0,0.0,0.0,0.0,0.0,0.0,0.0,0.0,0.0,0.0,0.0,0.0,0.0,0.0,0.0,0.0,0.0,0.0,0.0,0.0,0.0,0.0,0.0,0.0,0.0,0.0,0.0,0.0,0.0,0.0,0.0,0.0,0.0,0.0,0.0,0.0,0.0,0.0,0.0,0.0,0.0,0.0,0.0,0.0,0.0,0.0,0.0,0.0,0.0,0.0,0.0,0.0,0.0,0.0,0.0,0.0
delta Enjoyed playing,1.0,0.0,1.0,1.0,0.0,1.0,1.0,1.0,1.0,1.0,1.0,1.0,1.0,1.0,1.0,1.0,1.0,1.0,1.0,1.0,1.0,1.0,-1.0,0.0,0.0,1.0,1.0,1.0,1.0,1.0,1.0,1.0,1.0,1.0,1.0,1.0,1.0,1.0,0.0,1.0,1.0,0.0,1.0,1.0,0.0,0.0,1.0,1.0,1.0,1.0,1.0,1.0,1.0,1.0,1.0,1.0,0.0,0.0,0.0,1.0,1.0,1.0,0.0,0.0,1.0,1.0,1.0,1.0,1.0,1.0,1.0,1.0,1.0,0.0,1.0,1.0,1.0,1.0,1.0,0.0,0.0,0.0,1.0,1.0,-1.0,0.0,0.0,1.0,1.0
delta Genotype and phenotype,-1.0,1.0,1.0,1.0,1.0,1.0,1.0,0.0,1.0,0.0,0.0,1.0,0.0,1.0,0.0,0.0,1.0,1.0,1.0,0.0,1.0,1.0,0.0,1.0,-1.0,1.0,1.0,1.0,1.0,1.0,1.0,1.0,1.0,0.0,0.0,0.0,1.0,0.0,1.0,1.0,0.0,1.0,0.0,1.0,1.0,0.0,-1.0,0.0,0.0,1.0,0.0,1.0,0.0,1.0,1.0,0.0,1.0,0.0,1.0,0.0,0.0,1.0,1.0,0.0,1.0,1.0,0.0,1.0,1.0,0.0,0.0,1.0,1.0,0.0,1.0,0.0,0.0,1.0,0.0,0.0,0.0,0.0,0.0,1.0,1.0,1.0,1.0,0.0,1.0
delta BioBricks and devices composition,1.0,1.0,1.0,0.0,0.0,1.0,0.0,1.0,0.0,0.0,1.0,0.0,1.0,1.0,1.0,1.0,-1.0,0.0,1.0,1.0,0.0,1.0,0.0,1.0,0.0,1.0,0.0,0.0,1.0,1.0,1.0,1.0,1.0,-1.0,1.0,1.0,0.0,0.0,0.0,1.0,0.0,1.0,0.0,1.0,1.0,0.0,0.0,0.0,1.0,0.0,1.0,1.0,1.0,1.0,0.0,0.0,1.0,0.0,1.0,1.0,1.0,1.0,0.0,0.0,1.0,0.0,0.0,1.0,1.0,1.0,1.0,0.0,1.0,0.0,1.0,0.0,1.0,0.0,0.0,0.0,0.0,0.0,0.0,1.0,0.0,1.0,1.0,0.0,1.0
delta Ampicillin antibiotic,0.0,-1.0,1.0,0.0,0.0,1.0,1.0,1.0,0.0,0.0,1.0,0.0,1.0,1.0,0.0,1.0,0.0,1.0,1.0,0.0,1.0,1.0,-1.0,1.0,1.0,0.0,0.0,1.0,1.0,0.0,1.0,1.0,0.0,0.0,1.0,0.0,1.0,1.0,0.0,0.0,1.0,0.0,0.0,1.0,0.0,1.0,0.0,1.0,0.0,0.0,1.0,0.0,0.0,1.0,0.0,0.0,0.0,1.0,1.0,1.0,0.0,0.0,0.0,1.0,1.0,0.0,0.0,0.0,1.0,0.0,1.0,0.0,0.0,0.0,0.0,0.0,1.0,1.0,0.0,1.0,0.0,0.0,0.0,1.0,0.0,1.0,1.0,0.0,1.0
delta Name: Plasmid,0.0,0.0,0.0,0.0,0.0,1.0,1.0,0.0,0.0,0.0,1.0,1.0,0.0,1.0,1.0,1.0,0.0,0.0,0.0,1.0,0.0,0.0,0.0,0.0,0.0,0.0,0.0,0.0,1.0,0.0,0.0,1.0,1.0,0.0,0.0,0.0,1.0,0.0,0.0,0.0,1.0,1.0,0.0,0.0,0.0,0.0,0.0,0.0,0.0,1.0,1.0,0.0,0.0,1.0,0.0,0.0,0.0,1.0,1.0,1.0,1.0,1.0,0.0,1.0,1.0,1.0,1.0,1.0,0.0,0.0,0.0,0.0,0.0,0.0,0.0,0.0,1.0,1.0,1.0,1.0,0.0,0.0,1.0,0.0,0.0,0.0,0.0,0.0,1.0
delta Function: TER,0.0,0.0,1.0,0.0,0.0,0.0,1.0,1.0,0.0,0.0,1.0,0.0,1.0,1.0,0.0,1.0,0.0,1.0,1.0,0.0,1.0,1.0,0.0,1.0,0.0,1.0,0.0,1.0,1.0,0.0,1.0,1.0,1.0,1.0,0.0,0.0,1.0,0.0,0.0,0.0,0.0,0.0,1.0,0.0,0.0,0.0,0.0,0.0,1.0,1.0,1.0,1.0,0.0,1.0,1.0,0.0,0.0,0.0,0.0,1.0,0.0,1.0,0.0,0.0,1.0,0.0,1.0,-1.0,1.0,0.0,1.0,0.0,0.0,0.0,0.0,1.0,1.0,1.0,0.0,0.0,0.0,0.0,1.0,1.0,0.0,1.0,0.0,1.0,1.0
delta Name: PR,0.0,1.0,0.0,0.0,0.0,0.0,1.0,0.0,1.0,0.0,1.0,0.0,1.0,0.0,0.0,1.0,0.0,0.0,1.0,0.0,0.0,1.0,1.0,1.0,0.0,0.0,0.0,0.0,1.0,0.0,1.0,-1.0,1.0,1.0,0.0,0.0,1.0,0.0,0.0,0.0,0.0,0.0,0.0,0.0,0.0,0.0,0.0,0.0,0.0,0.0,0.0,0.0,0.0,1.0,0.0,0.0,0.0,1.0,1.0,0.0,0.0,0.0,0.0,0.0,0.0,1.0,1.0,-1.0,0.0,0.0,0.0,0.0,0.0,0.0,0.0,1.0,0.0,0.0,1.0,0.0,0.0,0.0,-1.0,0.0,0.0,0.0,0.0,0.0,0.0
delta Function - game: CDS,1.0,0.0,0.0,0.0,0.0,0.0,1.0,0.0,1.0,0.0,0.0,1.0,0.0,1.0,1.0,1.0,0.0,1.0,1.0,0.0,0.0,0.0,0.0,0.0,0.0,0.0,0.0,0.0,1.0,0.0,0.0,1.0,1.0,0.0,0.0,0.0,1.0,0.0,0.0,0.0,0.0,-1.0,0.0,0.0,0.0,0.0,0.0,0.0,0.0,0.0,0.0,1.0,0.0,0.0,0.0,0.0,0.0,0.0,0.0,0.0,0.0,1.0,0.0,0.0,0.0,0.0,0.0,0.0,0.0,1.0,0.0,0.0,0.0,0.0,0.0,1.0,0.0,0.0,0.0,0.0,0.0,0.0,0.0,0.0,0.0,0.0,0.0,0.0,0.0
delta Name: TER,0.0,1.0,1.0,0.0,-1.0,0.0,0.0,1.0,1.0,0.0,1.0,-1.0,1.0,1.0,0.0,1.0,1.0,1.0,1.0,0.0,1.0,1.0,1.0,1.0,0.0,1.0,0.0,1.0,1.0,0.0,1.0,1.0,0.0,1.0,1.0,1.0,0.0,1.0,0.0,0.0,1.0,0.0,1.0,0.0,0.0,0.0,0.0,0.0,1.0,0.0,0.0,1.0,0.0,0.0,0.0,0.0,0.0,1.0,0.0,1.0,1.0,1.0,0.0,0.0,1.0,0.0,0.0,0.0,1.0,1.0,0.0,0.0,0.0,0.0,-1.0,1.0,1.0,1.0,1.0,0.0,0.0,1.0,0.0,0.0,0.0,1.0,0.0,0.0,0.0
delta Function - biology: CDS,0.0,1.0,0.0,0.0,0.0,1.0,1.0,0.0,1.0,0.0,0.0,1.0,0.0,0.0,0.0,0.0,0.0,0.0,0.0,0.0,0.0,0.0,0.0,1.0,0.0,0.0,0.0,0.0,0.0,0.0,1.0,1.0,1.0,0.0,0.0,0.0,0.0,0.0,0.0,0.0,0.0,0.0,0.0,0.0,0.0,0.0,0.0,0.0,0.0,1.0,1.0,0.0,0.0,0.0,0.0,1.0,0.0,0.0,0.0,0.0,0.0,0.0,0.0,0.0,0.0,0.0,1.0,0.0,0.0,1.0,0.0,0.0,0.0,0.0,0.0,1.0,0.0,0.0,1.0,0.0,0.0,0.0,1.0,0.0,0.0,0.0,0.0,0.0,0.0
delta Name: RBS,0.0,0.0,0.0,0.0,0.0,0.0,0.0,0.0,0.0,0.0,0.0,0.0,0.0,1.0,0.0,1.0,0.0,0.0,0.0,0.0,0.0,0.0,0.0,0.0,0.0,0.0,0.0,0.0,0.0,0.0,0.0,0.0,1.0,0.0,0.0,0.0,1.0,0.0,0.0,0.0,1.0,0.0,0.0,0.0,0.0,0.0,0.0,0.0,0.0,0.0,0.0,0.0,1.0,0.0,0.0,0.0,0.0,0.0,0.0,0.0,0.0,0.0,0.0,0.0,0.0,1.0,0.0,0.0,0.0,1.0,0.0,0.0,1.0,0.0,0.0,1.0,0.0,0.0,0.0,0.0,0.0,0.0,0.0,1.0,0.0,1.0,0.0,0.0,0.0
delta Example: CDS,1.0,0.0,0.0,0.0,0.0,0.0,1.0,0.0,0.0,0.0,1.0,1.0,0.0,0.0,1.0,1.0,1.0,0.0,0.0,1.0,0.0,0.0,0.0,0.0,0.0,0.0,0.0,0.0,1.0,0.0,0.0,1.0,1.0,0.0,0.0,0.0,0.0,0.0,0.0,0.0,0.0,0.0,1.0,0.0,0.0,0.0,0.0,0.0,0.0,1.0,0.0,1.0,1.0,1.0,1.0,0.0,1.0,0.0,0.0,0.0,1.0,1.0,0.0,0.0,1.0,0.0,0.0,0.0,0.0,1.0,0.0,0.0,0.0,0.0,0.0,1.0,0.0,0.0,0.0,0.0,0.0,1.0,1.0,1.0,0.0,0.0,0.0,0.0,1.0
delta Name: CDS,0.0,0.0,0.0,0.0,0.0,0.0,-1.0,0.0,1.0,0.0,0.0,1.0,0.0,0.0,0.0,0.0,0.0,0.0,0.0,0.0,1.0,1.0,0.0,0.0,0.0,0.0,1.0,0.0,1.0,0.0,0.0,1.0,0.0,0.0,0.0,0.0,0.0,0.0,0.0,0.0,0.0,0.0,0.0,0.0,0.0,0.0,0.0,0.0,0.0,1.0,0.0,0.0,0.0,0.0,0.0,1.0,0.0,0.0,0.0,0.0,0.0,0.0,0.0,0.0,1.0,0.0,1.0,0.0,1.0,1.0,0.0,1.0,0.0,0.0,0.0,0.0,0.0,0.0,0.0,0.0,0.0,0.0,0.0,0.0,0.0,-1.0,0.0,0.0,1.0
delta Function: PR,1.0,0.0,0.0,1.0,0.0,0.0,0.0,0.0,1.0,0.0,0.0,1.0,0.0,1.0,0.0,1.0,0.0,0.0,0.0,1.0,0.0,0.0,0.0,0.0,0.0,1.0,0.0,0.0,1.0,0.0,0.0,1.0,0.0,0.0,0.0,0.0,1.0,0.0,0.0,0.0,0.0,0.0,1.0,0.0,0.0,0.0,0.0,0.0,0.0,1.0,0.0,0.0,0.0,1.0,0.0,0.0,0.0,0.0,0.0,0.0,1.0,0.0,0.0,1.0,0.0,0.0,1.0,0.0,1.0,0.0,0.0,0.0,1.0,0.0,0.0,0.0,0.0,0.0,0.0,0.0,0.0,0.0,0.0,0.0,0.0,0.0,0.0,0.0,0.0
delta Function: RBS,1.0,0.0,1.0,0.0,0.0,1.0,0.0,0.0,0.0,0.0,1.0,0.0,0.0,1.0,1.0,1.0,1.0,1.0,1.0,1.0,1.0,1.0,0.0,1.0,0.0,1.0,0.0,0.0,1.0,0.0,1.0,1.0,0.0,1.0,0.0,0.0,1.0,0.0,0.0,0.0,0.0,0.0,1.0,1.0,0.0,0.0,-1.0,0.0,1.0,1.0,1.0,1.0,0.0,1.0,0.0,0.0,0.0,1.0,1.0,1.0,1.0,1.0,0.0,0.0,1.0,0.0,1.0,0.0,-1.0,1.0,0.0,1.0,0.0,0.0,0.0,1.0,1.0,0.0,0.0,-1.0,0.0,0.0,1.0,0.0,1.0,0.0,0.0,0.0,1.0
delta Function: Plasmid,1.0,1.0,1.0,0.0,0.0,1.0,1.0,0.0,0.0,0.0,1.0,1.0,0.0,1.0,0.0,1.0,0.0,1.0,1.0,0.0,1.0,1.0,0.0,1.0,0.0,1.0,0.0,1.0,1.0,0.0,0.0,1.0,1.0,0.0,0.0,0.0,1.0,1.0,1.0,0.0,0.0,0.0,0.0,1.0,0.0,0.0,0.0,0.0,1.0,0.0,0.0,1.0,1.0,1.0,0.0,1.0,0.0,1.0,0.0,0.0,0.0,1.0,0.0,0.0,1.0,1.0,1.0,0.0,1.0,1.0,0.0,1.0,0.0,0.0,0.0,1.0,0.0,0.0,1.0,0.0,0.0,0.0,1.0,1.0,0.0,0.0,0.0,0.0,0.0
delta Name: Operator XXX,0.0,1.0,0.0,0.0,0.0,0.0,0.0,0.0,0.0,0.0,1.0,0.0,0.0,0.0,0.0,0.0,0.0,0.0,0.0,0.0,0.0,0.0,0.0,0.0,0.0,0.0,0.0,1.0,0.0,0.0,0.0,0.0,0.0,0.0,0.0,0.0,0.0,0.0,0.0,0.0,0.0,0.0,0.0,0.0,0.0,0.0,0.0,0.0,0.0,0.0,0.0,0.0,0.0,0.0,1.0,0.0,0.0,0.0,0.0,0.0,0.0,0.0,0.0,0.0,0.0,0.0,0.0,0.0,0.0,0.0,0.0,0.0,0.0,0.0,0.0,0.0,0.0,0.0,0.0,0.0,0.0,0.0,0.0,0.0,0.0,0.0,0.0,0.0,0.0
delta Device: RBS:PCONS:FLHDC:TER XXX,1.0,1.0,1.0,0.0,0.0,1.0,1.0,1.0,0.0,0.0,1.0,1.0,0.0,1.0,1.0,1.0,0.0,1.0,1.0,1.0,1.0,1.0,0.0,1.0,1.0,1.0,1.0,1.0,1.0,0.0,1.0,1.0,1.0,1.0,1.0,1.0,1.0,1.0,1.0,0.0,0.0,0.0,1.0,1.0,0.0,0.0,-1.0,0.0,1.0,1.0,0.0,1.0,1.0,1.0,1.0,1.0,0.0,1.0,0.0,1.0,1.0,1.0,0.0,0.0,1.0,1.0,0.0,0.0,1.0,1.0,1.0,1.0,0.0,0.0,1.0,1.0,1.0,1.0,1.0,0.0,0.0,0.0,1.0,1.0,1.0,1.0,0.0,0.0,1.0
delta Device: PCONS:RBS:FLHDC:TER,1.0,0.0,0.0,0.0,0.0,0.0,0.0,1.0,0.0,0.0,1.0,1.0,0.0,1.0,1.0,1.0,0.0,1.0,1.0,1.0,0.0,0.0,0.0,1.0,0.0,0.0,1.0,0.0,0.0,0.0,1.0,1.0,0.0,1.0,1.0,0.0,0.0,1.0,0.0,0.0,0.0,0.0,1.0,0.0,0.0,0.0,0.0,0.0,1.0,1.0,0.0,0.0,1.0,1.0,0.0,0.0,0.0,1.0,0.0,0.0,1.0,1.0,0.0,0.0,0.0,1.0,0.0,0.0,1.0,1.0,0.0,0.0,0.0,0.0,0.0,0.0,1.0,0.0,1.0,1.0,0.0,0.0,1.0,0.0,0.0,1.0,0.0,0.0,1.0
delta Device: PBAD:RBS:GFP:TER,1.0,0.0,0.0,0.0,0.0,0.0,0.0,0.0,0.0,0.0,1.0,1.0,0.0,1.0,0.0,1.0,0.0,1.0,0.0,1.0,0.0,0.0,0.0,0.0,0.0,0.0,0.0,0.0,0.0,0.0,0.0,1.0,0.0,0.0,0.0,0.0,0.0,0.0,0.0,0.0,0.0,0.0,1.0,0.0,0.0,0.0,0.0,0.0,1.0,0.0,-1.0,0.0,0.0,1.0,-1.0,0.0,0.0,1.0,0.0,0.0,1.0,0.0,0.0,0.0,0.0,1.0,0.0,0.0,1.0,1.0,0.0,0.0,0.0,0.0,0.0,0.0,1.0,0.0,0.0,0.0,0.0,0.0,0.0,0.0,0.0,0.0,0.0,0.0,1.0
delta Device: PBAD:GFP:RBS:TER XXX,1.0,1.0,0.0,0.0,0.0,0.0,0.0,1.0,0.0,0.0,0.0,0.0,0.0,1.0,1.0,1.0,0.0,0.0,0.0,1.0,1.0,1.0,0.0,1.0,0.0,0.0,0.0,0.0,0.0,0.0,0.0,1.0,0.0,0.0,1.0,1.0,0.0,0.0,0.0,0.0,0.0,0.0,1.0,1.0,0.0,0.0,0.0,0.0,1.0,1.0,1.0,0.0,0.0,1.0,0.0,1.0,0.0,0.0,0.0,1.0,1.0,1.0,0.0,0.0,0.0,1.0,0.0,0.0,0.0,1.0,1.0,1.0,0.0,0.0,1.0,1.0,0.0,0.0,1.0,1.0,0.0,0.0,1.0,0.0,0.0,1.0,0.0,0.0,1.0
delta Device: GFP:RBS:PCONS:TER XXX,1.0,1.0,0.0,0.0,0.0,1.0,1.0,1.0,0.0,0.0,1.0,1.0,0.0,1.0,1.0,1.0,0.0,1.0,1.0,1.0,1.0,1.0,0.0,0.0,1.0,1.0,0.0,0.0,1.0,0.0,1.0,1.0,1.0,1.0,1.0,1.0,1.0,1.0,1.0,0.0,0.0,0.0,1.0,0.0,0.0,0.0,0.0,0.0,1.0,1.0,1.0,1.0,0.0,1.0,0.0,1.0,0.0,0.0,0.0,1.0,1.0,1.0,0.0,0.0,1.0,1.0,0.0,0.0,1.0,1.0,0.0,1.0,0.0,0.0,0.0,1.0,1.0,1.0,1.0,1.0,0.0,0.0,1.0,1.0,0.0,1.0,0.0,0.0,1.0
delta Device: PCONS:GFP:RBS:TER XXX,1.0,0.0,0.0,0.0,0.0,0.0,0.0,1.0,0.0,0.0,0.0,1.0,0.0,1.0,1.0,1.0,0.0,0.0,1.0,1.0,0.0,0.0,0.0,0.0,0.0,0.0,0.0,0.0,0.0,0.0,1.0,1.0,0.0,0.0,1.0,1.0,1.0,1.0,0.0,-1.0,0.0,0.0,1.0,1.0,0.0,0.0,0.0,0.0,0.0,1.0,1.0,0.0,0.0,1.0,0.0,0.0,1.0,0.0,0.0,1.0,1.0,1.0,0.0,0.0,0.0,1.0,0.0,-1.0,0.0,1.0,1.0,0.0,0.0,0.0,0.0,0.0,0.0,0.0,1.0,0.0,0.0,0.0,0.0,0.0,0.0,1.0,0.0,0.0,1.0
delta Device: AMPR:RBS:PCONS:TER XXX,1.0,1.0,0.0,0.0,0.0,1.0,1.0,0.0,0.0,0.0,1.0,1.0,0.0,1.0,1.0,1.0,0.0,1.0,1.0,1.0,0.0,1.0,0.0,0.0,1.0,1.0,0.0,1.0,1.0,0.0,1.0,1.0,1.0,1.0,1.0,1.0,1.0,1.0,1.0,-1.0,0.0,0.0,1.0,1.0,0.0,0.0,0.0,0.0,1.0,1.0,1.0,1.0,0.0,1.0,0.0,1.0,0.0,0.0,0.0,1.0,1.0,1.0,0.0,0.0,0.0,1.0,0.0,0.0,1.0,1.0,1.0,0.0,0.0,0.0,0.0,1.0,1.0,1.0,1.0,0.0,0.0,0.0,1.0,1.0,0.0,1.0,0.0,0.0,1.0
delta Device: RBS:PCONS:AMPR:TER XXX,1.0,1.0,0.0,0.0,0.0,1.0,1.0,1.0,0.0,0.0,1.0,1.0,0.0,1.0,1.0,1.0,0.0,1.0,1.0,1.0,1.0,1.0,0.0,1.0,1.0,1.0,0.0,1.0,1.0,0.0,1.0,1.0,1.0,1.0,1.0,1.0,1.0,1.0,1.0,0.0,0.0,0.0,1.0,1.0,0.0,0.0,0.0,0.0,1.0,1.0,1.0,1.0,0.0,1.0,1.0,1.0,0.0,0.0,0.0,1.0,1.0,1.0,0.0,0.0,0.0,1.0,0.0,0.0,1.0,1.0,1.0,1.0,0.0,0.0,1.0,1.0,1.0,1.0,1.0,0.0,0.0,0.0,1.0,1.0,0.0,1.0,0.0,0.0,1.0
delta Green fluorescence,1.0,1.0,1.0,0.0,0.0,1.0,1.0,0.0,0.0,0.0,1.0,1.0,1.0,1.0,1.0,1.0,-1.0,1.0,1.0,1.0,1.0,1.0,0.0,1.0,1.0,1.0,-1.0,0.0,1.0,1.0,1.0,0.0,1.0,1.0,1.0,1.0,1.0,1.0,0.0,0.0,0.0,0.0,1.0,1.0,0.0,0.0,-1.0,0.0,1.0,1.0,1.0,1.0,1.0,1.0,0.0,1.0,1.0,1.0,1.0,0.0,1.0,1.0,1.0,-1.0,1.0,1.0,0.0,-1.0,1.0,1.0,0.0,0.0,1.0,0.0,0.0,-1.0,0.0,1.0,1.0,0.0,0.0,1.0,1.0,1.0,1.0,1.0,1.0,0.0,1.0
delta Unequip the movement device: effect,1.0,1.0,0.0,0.0,1.0,1.0,0.0,1.0,0.0,0.0,1.0,1.0,1.0,1.0,1.0,0.0,-1.0,1.0,1.0,1.0,0.0,1.0,0.0,0.0,0.0,1.0,0.0,0.0,1.0,1.0,1.0,1.0,1.0,0.0,1.0,1.0,1.0,1.0,0.0,0.0,1.0,1.0,1.0,1.0,0.0,0.0,0.0,0.0,1.0,1.0,0.0,0.0,0.0,1.0,0.0,0.0,1.0,0.0,1.0,0.0,0.0,1.0,1.0,0.0,1.0,1.0,1.0,-1.0,1.0,1.0,0.0,1.0,0.0,0.0,0.0,1.0,0.0,0.0,1.0,0.0,0.0,1.0,1.0,0.0,0.0,1.0,1.0,0.0,1.0
delta Device: PBAD:RBS:ARA:TER,1.0,0.0,0.0,0.0,0.0,0.0,1.0,0.0,0.0,0.0,0.0,0.0,0.0,0.0,0.0,0.0,0.0,0.0,1.0,-1.0,0.0,1.0,0.0,1.0,0.0,1.0,0.0,0.0,1.0,0.0,0.0,1.0,0.0,0.0,0.0,0.0,0.0,0.0,0.0,0.0,0.0,0.0,1.0,0.0,0.0,0.0,1.0,0.0,-1.0,0.0,0.0,0.0,0.0,1.0,0.0,0.0,0.0,0.0,0.0,0.0,1.0,0.0,0.0,0.0,0.0,0.0,-1.0,1.0,0.0,0.0,0.0,0.0,0.0,0.0,0.0,0.0,0.0,0.0,0.0,0.0,0.0,0.0,0.0,0.0,0.0,0.0,0.0,0.0,0.0
delta Language,0.0,-1.0,1.0,1.0,0.0,0.0,0.0,0.0,0.0,0.0,0.0,0.0,0.0,0.0,0.0,0.0,0.0,0.0,0.0,0.0,0.0,0.0,0.0,0.0,0.0,0.0,0.0,0.0,0.0,0.0,0.0,0.0,0.0,0.0,0.0,0.0,0.0,0.0,0.0,0.0,0.0,0.0,0.0,0.0,0.0,0.0,0.0,0.0,0.0,0.0,0.0,0.0,0.0,0.0,0.0,0.0,0.0,0.0,0.0,0.0,0.0,0.0,0.0,0.0,0.0,0.0,0.0,0.0,0.0,0.0,0.0,0.0,0.0,0.0,0.0,0.0,0.0,0.0,0.0,0.0,0.0,0.0,0.0,0.0,0.0,0.0,0.0,0.0,0.0
delta Temporality,1.0,1.0,1.0,1.0,1.0,1.0,1.0,1.0,1.0,1.0,1.0,1.0,1.0,1.0,1.0,1.0,1.0,1.0,1.0,1.0,1.0,1.0,1.0,1.0,1.0,1.0,1.0,1.0,1.0,1.0,1.0,1.0,1.0,1.0,1.0,1.0,1.0,1.0,1.0,1.0,1.0,1.0,1.0,1.0,1.0,1.0,1.0,1.0,1.0,1.0,1.0,1.0,1.0,1.0,1.0,1.0,1.0,1.0,1.0,1.0,1.0,1.0,1.0,1.0,1.0,1.0,1.0,1.0,1.0,1.0,1.0,1.0,1.0,1.0,1.0,1.0,1.0,1.0,1.0,1.0,1.0,1.0,1.0,1.0,1.0,1.0,1.0,1.0,1.0
